,B,CAT-DEC,CAT-RA,H,I,J,K,R,U,V,g,hd_name,i,name,r,u,z
0,5.217,46.15577267,315.29553503,5.952,,5.860,5.993,,4.23,5.417,,HD 200310,, 60 Cyg,,,
1,7.33,-12.66792213,102.31612126,6.287,,6.528,6.104,,,7.26,,HD 49699,, KS CMa,,,
2,6.381,2.18620241,259.05941952,5.522,,5.552,5.494,,,6.187,,HD 156208,, V2368 Oph,,,
3,4.81,58.4151983,337.29277091,2.608,3.219,2.865,2.354,,,4.07,,HD 213306,, delta Cep,,,
4,3.527,43.8233072,75.49221855,1.702,,1.880,1.533,,3.86,3.039,,HD 31964,, eps Aur,,,
5,6.032,10.89592314,307.57483601,6.022,,5.976,5.954,,,6.054,,HD 195325,,1 Del,,,
6,,,,,,,,,,,,,,1 Del a,,,
7,,,,,,,,,,,,,,1 Del b,,,
8,5.541,64.1961689,1.61058678,5.470,,5.463,5.468,,5.37,5.567,,HD 144,,10 Cas,,,
9,6.08,21.70482363,76.9809852,4.961,,5.197,4.775,,5.51,5.92,,HD 32991,,105 Tau,,,
10,5.00,58.97237189,76.53521493,5.021,,5.424,4.906,,4.31,5.03,,HD 32343,,11 Cam,,,
11,5.949,36.94454052,293.95126733,6.163,,6.072,6.143,,5.42,6.028,,HD 185037,,11 Cyg,,,
12,6.415,71.82390183,229.27453745,2.091,,2.876,1.939,,,5.024,,HD 136726,,11 UMi,,,
13,5.525,15.8740504,81.94003683,5.378,,5.322,5.328,,,5.512,,HD 35770,,116 Tau,,,
14,7.06,46.41606417,79.11284708,6.120,,6.206,5.915,,6.39,6.95,,HD 33988,,12 Aur,,,
15,4.750,22.61004811,297.76711756,5.051,,5.388,4.947,,4.13,4.893,,HD 187811,,12 Vul,,,
16,5.642,18.54023076,83.38179818,5.065,,5.160,4.777,,4.94,5.667,,HD 36576,,120 Tau,,,
17,5.664,19.70025573,55.57894623,5.649,,5.635,5.641,,5.22,5.681,,HD 23016,,13 Tau,,,
18,,,,,,,,,,,,,,1342 cyg,,,
19,5.981,41.95339391,342.59072768,5.428,,5.479,5.321,,5.49,5.928,,HD 216200,,14 Lac,,,
20,4.400,9.89575637,100.24441512,5.322,4.88,5.202,5.340,,3.360,4.640,,HD 47839,,15 Mon,,,
21,5.148,-16.48443612,91.2463712,2.105,,2.904,1.671,,,4.974,,HD 41511,,17 Lep,,,
22,5.916,-8.40816541,152.53141493,5.745,,5.723,5.696,,,5.900,,HD 88195,,17 Sex,,,
23,3.612,24.11333645,56.21890368,4.086,3.78,4.078,3.922,,3.19,3.705,,HD 23302,,17 Tau,,,
24,5.24,50.47173272,354.78471705,5.410,,5.369,5.402,,,5.35,,HD 222304,,18 And,,,
25,5.19,62.27981393,331.2866248,,,,,,4.35,5.11,,HD 209975,,19 Cep,,,
26,,,,,,,,,,,,,,1972 Cyg,,,
27,,,,,,,,,,,,,,199579,,,
28,3.663,9.73267621,51.79229464,3.738,,3.622,3.779,,,3.727,,HD 21364,,2 Tau,,,
29,5.797,26.47880657,303.00292203,6.054,,5.967,5.998,,5.38,5.903,,HD 192044,,20 Vul,,,
30,4.666,35.24469347,151.85734566,4.046,,4.269,4.004,,,4.488,,HD 87696,,21 LMi,,,
31,,,,,,,,,,,,,,224014,,,
32,5.392,-13.04836762,67.27885559,5.939,,5.870,5.798,,4.48,5.590,,HD 28497,,228 Eri,,,
33,4.113,23.9483559,56.58155768,4.31,4.16,4.233,4.220,,3.70,4.164,,HD 23480,,23 Tau,,,
34,5.009,37.04288592,299.97998237,5.484,,5.413,5.486,,4.33,5.139,,HD 189687,,25 Cyg,,,
35,4.701,1.84644553,81.18677766,5.417,,5.369,5.355,,3.83,4.873,,HD 35439,,25 Ori,,,
36,5.707,21.70292552,331.95959987,5.984,,5.876,5.978,,5.27,5.783,,HD 210129,,25 Peg,,,
37,2.806,24.10513565,56.87115231,2.735,2.88,2.735,2.636,,2.44,2.873,,HD 23630,,25 Tau,,,
38,5.431,24.44609927,305.51429342,5.636,,5.557,5.587,,4.94,5.519,,HD 193911,,25 Vul,,,
39,3.54,24.05341675,57.2905941,3.864,3.65,3.800,3.879,,3.17,3.62,,HD 23850,,27 Tau,,,
40,5.539,26.46194687,309.2694689,5.720,,5.636,5.712,,,5.589,,HD 196504,,27 Vul,,,
41,5.539,26.46194687,309.2694689,5.720,,5.636,5.712,,,5.589,,HD 196504,,27Vul,,,
42,5.539,26.46194687,309.2694689,5.720,,5.636,5.712,,,5.589,,HD 196504,,27vul,,,
43,4.793,36.83962215,302.35674659,5.155,,5.071,5.038,,4.03,4.929,,HD 191610,,28 Cyg,,,
44,4.967,24.13671084,57.29673229,5.067,5.08,5.087,4.937,,4.73,5.048,,HD 23862,,28 Tau,,,
45,4.917,24.11595814,309.63297565,5.394,,5.287,5.401,,4.35,5.047,,HD 196740,,28 Vul,,,
46,4.967,24.13671084,57.29673229,5.067,5.08,5.087,4.937,,4.73,5.048,,HD 23862,,28 tau,,,
47,4.967,24.13671084,57.29673229,5.067,5.08,5.087,4.937,,4.73,5.048,,HD 23862,,28Tau,,,
48,6.600,66.74490559,175.61817201,2.524,,3.143,2.314,,,5.321,,HD 101673,,3 Dra,,,
49,4.72,12.20518412,335.37947961,4.803,,4.818,4.685,,4.07,4.81,,HD 212076,,31 Peg,,,
50,4.964,2.06003779,281.20807583,5.057,,5.012,5.038,,,5.014,,HD 173370,,4 Aql,,,
51,5.64,42.56619261,238.87746735,5.887,,5.821,5.850,,5.23,5.74,,HD 142926,,4 Her,,,
52,4.867,-14.27935817,239.54736956,4.829,,5.098,4.591,,4.58,4.943,,HD 142983,,48 Lib,,,
53,3.967,47.71251193,62.165384,3.899,,3.978,3.796,,3.46,4.003,,HD 25940,,48 Per,,,
54,5.64,42.56619261,238.87746735,5.887,,5.821,5.850,,5.23,5.74,,HD 142926,,4Her,,,
55,4.90,38.18556347,169.7829152,4.518,,4.655,4.460,,,4.80,,HD 98353,,55 UMa,,,
56,4.90,38.18556347,169.7829152,4.518,,4.655,4.460,,,4.80,,HD 98353,,55UMa,,,
57,5.699,-8.50356737,71.0221704,5.647,,5.690,5.452,,4.98,5.775,,HD 30076,,56 Eri,,,
58,4.69,47.52095045,314.95648818,4.46,,4.657,4.345,,3.75,4.74,,HD 200120,,59 Cyg,,,
59,4.69,47.52095045,314.95648818,4.46,,4.657,4.345,,3.75,4.74,,HD 200120,,59Cyg,,,
60,6.111,62.21451602,357.20904382,,,,,,6.11,5.550,,HD 223385,,6 Cas,,,
61,5.139,64.87185614,319.84258436,4.774,,4.828,4.589,,4.56,5.185,,HD 203467,,6 Cep,,,
62,5.217,46.15577267,315.29553503,5.952,,5.860,5.993,,4.23,5.417,,HD 200310,,60 Cyg,,,
63,5.217,46.15577267,315.29553503,5.952,,5.860,5.993,,4.23,5.417,,HD 200310,,60Cyg,,,
64,6.166,-10.26332333,74.96022025,3.552,,4.119,3.592,,,5.399,,HD 32008B,,63 Eri,,,
65,5.562,2.53534756,284.31912416,5.455,,5.425,5.390,,5.29,5.563,,HD 175869,,64 Ser,,,
66,5.562,2.53534756,284.31912416,5.455,,5.425,5.390,,5.29,5.563,,HD 175869,,64Ser,,,
67,4.684,4.36861564,270.06582603,5.079,,4.987,5.030,,3.78,4.784,,HD 164284,,66 Oph,,,
68,4.684,4.36861564,270.06582603,5.079,,4.987,5.030,,3.78,4.784,,HD 164284,,66_Oph,,,
69,4.982,43.94594639,319.61327339,5.107,,5.036,5.114,,4.03,5.043,,HD 203064,,68 Cyg,,,
70,4.63,33.10010086,259.33153152,5.220,,5.115,5.234,,3.87,4.80,,HD 156633,,68 Her,,,
71,,,,,,,,,,,,,,68 u Her,,,
72,4.63,33.10010086,259.33153152,5.220,,5.115,5.234,,3.87,4.80,,HD 156633,,68Her,,,
73,6.231,20.27973926,292.33707131,6.505,,6.439,6.554,,,6.327,,HD 183537,,7 Vul,,,
74,6.231,20.27973926,292.33707131,6.505,,6.439,6.554,,,6.327,,HD 183537,,7VUL,,,
75,6.231,20.27973926,292.33707131,6.505,,6.439,6.554,,,6.327,,HD 183537,,7Vul,,,
76,4.180,54.98795966,201.30640764,3.30,,,,,4.260,4.010,,HD 116842,,80 UMa,,,
77,6.790,48.3941555,267.51389913,6.913,,6.854,6.947,,6.380,6.890,,HD 162732,,88 Her,,,
78,5.007,62.08193957,324.48010288,4.212,,4.543,4.309,,4.49,4.788,,HD 206165,,9 Cep,,,
79,3.33,48.04182614,134.80189007,2.76,2.9,2.78,2.66,3.0,,3.10,,HD 76644,,9 UMa,,,
80,,,,,,,,,,,,,,92922,,,
81,5.149,20.8336313,270.59603444,5.504,,5.400,5.490,,4.57,5.246,,HD 164852,,96 Her,,,
82,5.149,20.8336313,270.59603444,5.504,,5.400,5.490,,4.57,5.246,,HD 164852,,96 her,,,
83,5.149,20.8336313,270.59603444,5.504,,5.400,5.490,,4.57,5.246,,HD 164852,,96Her,,,
84,10.97,19.87001667,154.90115417,4.843,7.8,5.449,4.593,8.6,,9.46,,,,AD Leo,,,
85,11.3,66.80281618,240.42088015,6.365,,7.154,6.209,,,9.82,,,,AG Dra,,,
86,9.81,12.62558939,327.75822552,4.371,,5.001,3.851,,,8.65,,HD 207757,,AG Peg,,,
87,8.46,-1.37579081,103.727951,7.559,,7.781,7.419,,,8.43,,HD 50846,,AU Mon,,,
88,6.97,5.86700136,97.63724132,4.741,,5.147,4.413,,6.43,6.74,,HD 45910,,AX Mon,,,
89,3.640,64.37585053,211.09729148,3.633,,3.434,3.639,,3.520,3.680,,HD 123299,,Alp Dra,,,
90,0.99,8.8683212,297.6958273,0.102,0.6,0.313,0.102,0.8,,0.77,,HD 187642,,Altair,,,
91,1.19,19.18240916,213.91530029,-2.81,0.40,-2.25,-2.91,0.3,,-0.04,,HD 124897,,Arcturus,,,
92,8.42,5.98813368,296.55650017,8.256,,8.260,8.177,,,8.46,,,,BD+05 4285,,,
93,10.94,9.54940194,11.00549667,7.927,,8.450,7.805,,11.30,10.09,,,,BD+08_102,,,
94,9.10,16.08137662,276.23032826,8.913,,,,,,9.06,,,,BD+16 3492,,,
95,10.04,23.32926528,266.76365375,8.170,,9.075,7.205,,,10.01,,,,BD+23 3183,,,
96,,,,,,,,,,,,,,BD+284211,,,
97,,,,,,,,,,,,,,BD+421552,,,
98,10.31,43.86176389,75.55155833,6.964,,7.255,6.802,,10.55,9.39,,,,BD+43 1168,,,
99,,,,,,,,,,,,,,BD+431168,,,
100,9.55,49.06786458,329.48062303,9.222,,9.236,9.200,,,9.45,,,,BD+48 3561,,,
101,6.288,-8.84234472,302.79198842,6.933,,6.793,6.947,,5.42,6.445,,HD 191639,,BE Cap,,,
102,4.621,65.65229172,49.99696946,5.074,,5.048,5.048,,3.92,4.728,,HD 20336,,BK Cam,,,
103,6.712,16.90424866,114.27388616,7.071,,7.044,6.965,,5.51,6.921,,HD 60848,,BN Gem,,,
104,7.36,7.9665665,114.71242968,5.598,,6.048,5.451,,,7.15,,HD 61273,,BR CMi,,,
105,7.36,7.9665665,114.71242968,5.598,,6.048,5.451,,,7.15,,HD 61273,,BR Cmi,,,
106,,,,,,,,,,,,,,BRCMi,,,
107,7.62,2.95084532,119.26664369,7.917,,8.020,7.806,,6.93,7.77,,HD 65079,,BT CMi,,,
108,,,,,,,,,,,,,,BU 28 Tau,,,
109,4.967,24.13671084,57.29673229,5.067,5.08,5.087,4.937,,4.73,5.048,,HD 23862,,BU Tau,,,
110,7.26,35.92974813,219.28672833,6.726,,6.788,6.692,,,7.133,,HD 128661,,BW Boo,,,
111,,,,,,,,,,,,,,BWBoo,,,
112,3.52,33.36266944,282.5199802,3.351,,3.367,3.192,,2.85,3.52,,HD 174638,,Bet Lyr,,,
113,,,,,,,,,,,,,,BetLyr,,,
114,3.52,33.36266944,282.5199802,3.351,,3.367,3.192,,2.85,3.52,,HD 174638,,Beta Lyr,,,
115,,,,,,,,,,,,,,BetaLyr,,,
116,10.16,50.24142396,291.13778223,0.051,5.345,1.073,-0.419,,,8.84,,HD 182917,,CH Cyg,,,
117,12.41,55.99936111,64.9255875,5.74,9.99,7.502,4.323,10.79,12.13,11.77,,,,CI Cam,,,
118,11.97,35.68416884,297.54931364,4.760,,5.761,4.406,,,10.79,,,,CI Cyg,,,
119,6.387,57.2076046,205.08910713,6.211,,6.152,6.197,,,6.286,,HD 119213,,CQ UMa,,,
120,6.387,57.2076046,205.08910713,6.211,,6.152,6.197,,,6.286,,HD 119213,,CQ Uma,,,
121,,,,,,,,,,,,,,CQUMa,,,
122,,36.69361111,315.576125,,,,,,,,,,,CRL 2688,,,
123,8.09,55.17085675,54.50431811,6.29,,6.406,6.042,,9.546,7.69,,HD 22298,,CT Cam,,,
124,5.80,52.98796187,281.67953536,5.805,,5.870,5.786,,5.06,5.90,,HD 174237,,CX Dra,,,
125,,,,,,,,,,,,,,CXDra,,,
126,4.996,32.19202092,83.18197132,4.077,,4.246,3.999,,4.64,4.744,,HD 36371,,Chi Aur,,,
127,,,,,,,,,,,,,,Cyg X 1,,,
128,9.62,35.20160509,299.59031645,6.652,,6.872,6.501,8.42,9.38,8.90,,HD 226868,,Cyg X-1,,,
129,,,,,,,,,,,,,,Cyg X1,,,
130,,,,,,,,,,,,,,CygX-1,,,
131,,,,,,,,,,,,,,CygX1,,,
132,8.46,24.27799733,283.35933236,8.397,,8.390,8.450,,,8.47,,HD 175227,,DI Her,,,
133,6.64,46.47684467,178.77395519,,,,,,,6.54,,HD 103483,,DN UMa,,,
134,6.64,46.47684467,178.77395519,,,,,,,6.54,,HD 103483,,DN Uma,,,
135,,,,,,,,,,,,,,DNUMa,,,
136,8.94,26.75044194,303.44520292,8.132,,8.099,8.115,,,8.71,,HD 339770,,DR Vul,,,
137,,,,,,,,,,,,,,DRVul,,,
138,2.01,-0.29909511,83.00166706,2.981,,2.744,3.023,,0.96,2.41,,HD 36486,,Del Ori,,,
139,,,,,,,,,,,,,,Draobject CX Dra,,,
140,11.1,55.75671778,332.34482083,9.219,,9.601,8.555,,10.88,10.9,,,,EE Cep,,,
141,6.359,69.53128987,284.71927919,6.831,,6.753,6.881,,5.84,6.498,,HD 177410,,EE Dra,,,
142,7.20,62.6144278,328.45043134,,,,,,6.74,7.03,,HD 208392,,EM  Cep,,,
143,7.20,62.6144278,328.45043134,,,,,,6.74,7.03,,HD 208392,,EM Cep,,,
144,5.439,41.60387327,344.09845692,6.005,,5.879,6.031,,4.61,5.584,,HD 216916,,EN Lac,,,
145,,,,,,,,,,,,,,EUVE0702+129,,,
146,,,,,,,,,,,,,,EUVEJ0702+129,,,
147,4.45,-26.35250867,108.56338299,4.977,,5.040,4.880,,3.76,4.65,,HD 56014,,EW CMa,,,
148,5.33,48.6840694,344.26875907,,,,,,4.81,5.42,,HD 217050,,EW Lac,,,
149,,,,,,,,,,,,,,EWLac,,,
150,2.733,40.01021532,59.46346687,,,,,,1.73,2.901,,HD 24760,,Eps Per,,,
151,,,,,,,,,,,,,,FBS0742+625,,,
152,,,,,,,,,,,,,,FBS1529+799,,,
153,7.93,81.6824405,116.72022641,,,,,,,7.90,,HD 60062,,FF Cam,,,
154,,,,,,,,,,,,,,FFAqr,,,
155,5.563,-11.77323964,95.35297972,,,,,,4.77,5.585,,HD 44458,,FR CMa,,,
156,8.09,-13.05309308,97.07259139,6.347,,7.242,4.778,,6.89,8.05,,HD 45677,,FS CMa,,,
157,8.09,-13.05309308,97.07259139,6.347,,7.242,4.778,,6.89,8.05,,HD 45677,,FS Cma,,,
158,6.343,-22.11906116,105.08067979,6.987,,6.884,6.988,,5.54,6.513,,HD 52437,,FU CMa,,,
159,5.61,-23.84071975,106.84411253,5.844,,5.862,5.641,,4.72,5.71,,HD 54309,,FV CMa,,,
160,5.16,-16.20147261,111.16744754,5.456,,5.418,5.417,,4.68,5.20,,HD 58343,,FW CMa,,,
161,5.45,-23.08602157,111.74784261,5.378,,5.477,5.14,,4.51,5.56,,HD 58978,,FY CMa,,,
162,10.26,25.0666335,189.34798769,11.270,10.809,11.157,11.367,10.642,9.117,10.59,,,,Feige66,,,
163,,,,,,,,,,,,,,GALEX 1736+2806,,,
164,,,,,,,,,,,,,,GALEX J0321+4727,,,
165,,,,,,,,,,,,,,GALEX J2349+3844,,,
166,,,,,,,,,,,,,,GALEX0321+4727,,,
167,,,,,,,,,,,,,,GALEX0639+5156,,,
168,,,,,,,,,,,,,,GALEX0716+2319,,,
169,,,,,,,,,,,,,,GALEX0747+6225,,,
170,,,,,,,,,,,,,,GALEX0805-1058,,,
171,,,,,,,,,,,,,,GALEX1017+5516,,,
172,,,,,,,,,,,,,,GALEX1632+8513,,,
173,,,,,,,,,,,,,,GALEX1702+6353,,,
174,,,,,,,,,,,,,,GALEX1717+6757,,,
175,,,,,,,,,,,,,,GALEX1736+2806,,,
176,,,,,,,,,,,,,,GALEX1911+8716,,,
177,,,,,,,,,,,,,,GALEX2349,,,
178,,,,,,,,,,,,,,GALEX2349+3844,,,
179,,,,,,,,,,,,,,GALEXJ0321+4727,,,
180,,,,,,,,,,,,,,GALEXJ0737+3714,,,
181,,,,,,,,,,,,,,GALEXJ1017+5516,,,
182,,,,,,,,,,,,,,GALEXJ1348+4337,,,
183,,,,,,,,,,,,,,GALEXJ1632+8513,,,
184,,,,,,,,,,,,,,GALEXJ1736+2806,,,
185,,,,,,,,,,,,,,GALEXJ2349+3844,,,
186,10.68,64.30323333,354.4304,10.049,,10.095,10.021,10.5,,10.50,,,,GSC 4288-0186,,,
187,10.68,64.30323333,354.4304,10.049,,10.095,10.021,10.5,,10.50,,,,GSC 4288-186,,,
188,8.84,0.62365185,240.00895995,3.249,,4.206,3.001,,,7.18,,HD 143395,,GSC366-878,,,
189,10.46,65.58698694,114.29216375,8.617,,8.899,8.546,,,9.90,,,,GSC4120-1000,,,
190,10.68,64.30323333,354.4304,10.049,,10.095,10.021,10.5,,10.50,,,,GSC4288-0186,,,
191,6.60,-11.30092274,105.45629071,6.156,,6.243,6.038,,5.88,6.58,,HD 52721,,GU CMa,,,
192,6.52,8.67715656,347.38107242,-0.078,,0.841,-0.402,,,5.14,,HD 218634,,GZ Peg,,,
193,2.29,60.71674028,14.17721542,1.993,2.40,2.039,1.756,2.32,1.24,2.47,,HD 5394,,Gam Cas,,,
194,,,,,,,,,,,,,,GamCas,,,
195,2.29,60.71674028,14.17721542,1.993,2.40,2.039,1.756,2.32,1.24,2.47,,HD 5394,,Gamma Cas,,,
196,,,,,,,,,,,,,,GammaCas,,,
197,7.87,54.89747361,201.21601625,6.890,,7.006,6.851,,,7.58,,HD 116798,,HD 116798,,,
198,6.242,58.42360105,32.16907999,4.095,,4.062,3.646,,6.48,5.725,,HD 12953,,HD 12953,,,
199,7.72,49.81987203,34.14998007,7.660,,7.605,7.655,,7.24,7.71,,HD 13867,,HD 13867,,,
200,7.58,43.2137105,239.6069786,6.974,,7.036,6.964,,,7.40,,HD 143418,,HD 143418,,,
201,3.750,46.31336452,244.93515276,,,,,,3.190,3.900,,HD 147394,,HD 147394,,,
202,8.661,-4.01444921,248.5972221,9.461,9.205,9.463,9.418,9.070,7.518,8.943,,HD 149382,,HD 149382,,,
203,8.19,57.49978351,255.89179733,8.130,,8.111,8.073,,,8.18,,HD 154689,,HD 154689,,,
204,8.35,61.4559935,38.17723525,6.609,,6.727,6.519,,9.476,7.95,,HD 15558,,HD 15558,,,
205,10.20,7.24234358,258.09669623,6.249,,6.822,6.090,,,9.04,,HD 155609,,HD 155609,,,
206,7.024,24.46807415,267.50514475,7.281,,7.221,7.241,,,7.103,,HD 162428,,HD 162428,,,
207,10.27,9.80380833,268.23570833,7.296,8.4,7.699,7.164,8.8,,9.36,,HD 162867,,HD 162867,,,
208,3.972,2.93156455,270.16131745,,,,,,3.33,3.974,,HD 164353,,HD 164353,,,
209,6.370,19.50578511,270.11523862,6.566,,6.507,6.552,,5.960,6.430,,HD 164447,,HD 164447,,,
210,8.07,-12.45401333,274.71123667,7.406,,7.418,7.295,,,7.92,,HD 168135,,HD 168135,,,
211,6.894,25.05677798,275.36570639,7.173,,7.084,7.202,,6.35,6.983,,HD 168957,,HD 168957,,,
212,7.80,5.44553806,278.32431524,7.137,,7.112,7.035,,,7.65,,HD 171219,,HD 171219,,,
213,6.437,30.89209017,278.34599403,6.743,,6.630,6.746,,5.96,6.538,,HD 171406,,HD 171406,,,
214,5.984,34.45802211,278.80627165,6.092,,6.063,6.025,,5.44,6.088,,HD 171780,,HD 171780,,,
215,6.859,-0.37343333,281.232975,6.805,,6.798,6.782,,6.56,6.885,,HD 173371,,HD 173371,,,
216,6.908,60.01787008,283.4362367,7.125,,7.070,7.015,,6.40,7.034,,HD 175863,,HD 175863,,,
217,6.249,39.21732252,284.80121578,6.851,,6.748,6.925,,5.52,6.404,,HD 176582,,HD 176582,,,
218,7.320,23.32928185,286.16043394,6.830,,6.838,6.783,,6.85,7.234,,HD 177648,,HD 177648,,,
219,9.96,-3.34118756,287.24517885,8.343,,8.478,8.243,,,9.56,,HD 178515,,HD 178515,,,
220,7.74,43.31532217,286.83327602,6.472,,6.546,6.373,,,7.35,,HD 178615,,HD 178615,,,
221,9.20,44.55740484,287.45625955,8.410,,8.458,8.382,,,8.95,,HD 179259,,HD 179259,,,
222,7.038,2.62258988,288.01365521,6.613,,6.616,6.510,,,6.945,,HD 179343,,HD 179343,,,
223,,,,,,,,,,,,,,HD 179343a,,,
224,,,,,,,,,,,,,,HD 179343b,,,
225,9.694,0.12553598,288.49420361,4.998,,5.371,4.728,8.2,10.81,8.19,,HD 179821,,HD 179821,,,
226,9.855,50.77273357,296.37641985,7.096,8.0,7.473,7.034,8.4,,8.956,,HD 187055,,HD 187055,,,
227,7.40,39.91665139,297.18364458,,,,,,,7.01,,HD 187523,,HD 187523,,,
228,6.097,32.21859774,301.15072789,4.258,,4.416,4.041,,5.76,5.659,,HD 190603,,HD 190603,,,
229,8.54,46.67181886,301.35692536,7.419,,7.579,7.153,,7.82,8.36,,HD 190944,,HD 190944,,,
230,7.15,36.32838182,303.38745898,7.080,,7.133,6.915,,6.39,7.23,,HD 192445,,HD 192445,,,
231,6.488,39.59353978,304.35490363,6.513,,6.509,6.461,,6.25,6.554,,HD 193182,,HD 193182,,,
232,8.13,36.98038083,307.44901541,7.302,,7.304,7.292,,7.47,7.80,,HD 195407,,HD 195407,,,
233,8.110,54.20942335,310.35500918,7.556,,7.582,7.464,,7.860,8.010,,HD 197434,,HD 197434,,,
234,5.167,46.11413399,312.23454662,4.049,,4.182,3.946,,4.8,4.858,,HD 198478,,HD 198478,,,
235,6.615,40.70295947,313.59272704,6.733,,6.694,6.701,,6.22,6.696,,HD 199218,,HD 199218,,,
236,10.00,-23.33975528,48.32046167,8.488,,8.636,8.372,,,9.50,,HD 20120,,HD 20120,,,
237,7.54,60.06749072,49.24896864,7.191,,7.189,7.193,,8.859,7.47,,HD 20134,,HD 20134,,,
238,7.84,47.25704762,317.1234596,8.022,,8.000,8.114,,,7.90,,HD 201522,,HD 201522,,,
239,6.501,34.68850909,49.00775459,5.652,,5.703,5.586,,6.65,6.243,,HD 20210,,HD 20210,,,
240,4.342,39.39468133,319.3539685,3.864,,3.973,3.683,,3.97,4.256,,HD 202850,,HD 202850,,,
241,8.340,53.95149409,319.93725903,7.359,,7.410,7.329,,8.200,8.080,,HD 203356,,HD 203356,,,
242,6.910,61.85845281,319.78066277,,,,,,6.23,6.692,,HD 203374A,,HD 203374,,,
243,8.92,61.27136811,321.08016431,8.572,,8.619,8.564,,,8.80,,HD 204185,,HD 204185,,,
244,7.181,42.70075539,322.90378907,7.153,,7.141,7.120,,,7.219,,HD 205060,,HD 205060,,,
245,8.35,71.41854501,50.8879172,6.856,,6.939,6.729,,,7.94,,HD 20566,,HD 20566,,,
246,7.060,57.73605472,325.60076978,5.91,,6.072,5.567,,6.30,6.927,,HD 206773,,HD 206773,,,
247,6.967,50.67415179,326.51178129,7.085,,6.998,7.071,,,7.033,,HD 207232,,HD 207232,,,
248,7.89,52.12414733,326.64327262,6.805,,6.844,6.751,,7.33,7.60,,HD 207329,,HD 207329,,,
249,8.38,31.52842194,326.92025013,8.497,,8.480,8.489,,,8.44,,HD 207370,,HD 207370,,,
250,7.93,62.60020847,328.47207352,,,,,,7.24,7.91,,HD 208440,,HD 208440,,,
251,5.842,65.3208095,328.87916566,6.141,,6.046,6.159,,5.05,5.939,,HD 208682,,HD 208682,,,
252,7.045,61.29531188,329.32361098,6.848,,6.816,6.899,,6.34,7.005,,HD 208905,,HD 208905,,,
253,8.59,45.52559921,50.9859644,7.770,,7.846,7.733,,,8.40,,HD 20899,,HD 20899,,,
254,8.51,56.71062729,330.16788529,7.12,,7.454,6.462,,,8.29,,HD 209296,,HD 209296,,,
255,6.319,46.93786711,52.3595155,5.90,,5.88,5.903,,,6.227,,HD 21455,,HD 21455,,,
256,6.048,54.41489277,342.19956552,6.303,,6.201,6.310,,5.54,6.131,,HD 216057,,HD 216057,,,
257,6.746,47.8624159,52.88806678,6.754,,6.722,6.766,,6.47,6.773,,HD 21641,,HD 21641,,,
258,7.36,41.72645623,52.81533153,7.206,,7.161,7.189,,,7.33,,HD 21650,,HD 21650,,,
259,6.103,56.94537508,345.02125622,2.631,,2.902,2.298,,,5.101,,HD 217476,,HD 217476,,,
260,8.43,57.22107599,353.46247576,7.903,,7.917,7.853,,,8.32,,HD 221692,,HD 221692,,,
261,5.714,57.49938146,358.59596856,1.915,,2.269,1.670,,,4.517,,HD 224014,,HD 224014,,,
262,6.401,32.38170574,359.70514851,6.769,,6.675,6.791,,5.84,6.524,,HD 224544,,HD 224544,,,
263,6.58,38.85927774,0.00502127,,,,,,,6.62,,HD 224699,,HD 224699,,,
264,7.91,55.55089821,0.86311388,7.225,,7.266,7.090,,7.15,7.95,,HD 225095,,HD 225095,,,
265,6.20,50.73676824,57.07531252,,,,,,5.88,6.15,,HD 23552,,HD 23552,,,
266,6.87,24.28834428,56.87272356,6.641,6.74,6.635,6.607,,,6.81,,HD 23642,,HD 23642,,,
267,8.63,57.72180429,21.77461093,8.102,,8.161,8.014,,,8.54,,HD 236737,,HD 236737,,,
268,7.20,52.48190292,57.60446902,6.115,,6.165,5.997,,8.403,6.98,,HD 23800,,HD 23800,,,
269,9.58,56.71854859,318.02029994,8.591,,8.592,8.550,,,9.28,,HD 239601,,HD 239601,,,
270,9.65,33.31926917,80.66707667,8.417,,8.508,8.374,,9.04,9.40,,HD 242926,,HD 242926,,,
271,9.45,27.22990543,86.1155167,,,,,,8.95,9.37,,HD 246878,,HD 246878,,,
272,7.99,62.39066263,61.85403823,7.807,,7.789,7.771,,,7.91,,HD 25594,,HD 25594,,,
273,7.31,16.64698136,62.76415395,5.884,,5.957,5.762,,,6.98,,HD 26398,,HD 26398,,,
274,9.50,43.57830972,75.29810833,9.327,,9.326,9.321,,,9.47,,HD 277197,,HD 277197,,,
275,8.66,25.80748164,74.89844735,7.002,,7.095,6.878,,,8.30,,HD 284012,,HD 284012,,,
276,4.276,62.93178261,8.24996332,4.148,,4.141,4.013,,3.5,4.189,,HD 2905,,HD 2905,,,
277,4.289,66.3426768,73.51254332,4.380,,4.243,4.242,,3.55,4.301,,HD 30614,,HD 30614,,,
278,7.18,30.55119074,73.94102172,5.062,6.70,5.936,4.230,6.96,7.18,7.06,,HD 31293,,HD 31293,,,
279,7.40,43.32338027,74.83853747,7.445,,7.379,7.457,,6.65,7.40,,HD 31617,,HD 31617,,,
280,8.49,43.43572923,75.39288029,8.411,,8.401,8.422,,7.79,8.49,,HD 31894,,HD 31894,,,
281,7.59,43.72765671,76.13637965,7.702,,7.654,7.705,,,7.64,,HD 32328,,HD 32328,,,
282,7.97,37.65013615,79.54241966,7.534,,7.515,7.448,,,7.88,,HD 34302,,HD 34302,,,
283,7.04,-5.62842556,83.97534042,7.204,,7.145,7.131,,6.45,7.16,,HD 37115,,HD 37115,,,
284,1.51,-1.20191914,84.05338894,2.408,,2.191,2.273,,0.48,1.70,,HD 37128,,HD 37128,,,
285,7.31,0.96860738,84.47272315,7.671,,7.628,7.685,,6.76,7.38,,HD 37330,,HD 37330,,,
286,7.79,30.15055931,84.81313613,7.220,,7.232,7.169,,,7.69,,HD 37352,,HD 37352,,,
287,7.91,-2.25902251,85.40994969,7.420,,7.371,7.283,,7.27,7.84,,HD 37903,,HD 37903,,,
288,1.937,-9.66960492,86.93912017,2.686,,2.469,2.679,,0.85,2.049,,HD 38771,,HD 38771,,,
289,8.31,26.42252922,88.49936988,7.691,,7.811,7.563,,7.51,8.25,,HD 39478,,HD 39478,,,
290,7.192,-11.77419415,88.68179305,2.156,,2.895,1.979,,,5.635,,HD 39853,,HD 39853,,,
291,4.856,20.13845324,90.97993675,4.039,,4.186,3.949,,4.21,4.646,,HD 41117,,HD 41117,,,
292,8.82,-5.06670886,92.39012027,7.747,,7.799,7.668,,8.23,8.58,,HD 42259,,HD 42259,,,
293,8.12,3.87172048,92.65308739,7.572,,7.573,7.553,,,7.99,,HD 42406,,HD 42406,,,
294,5.936,6.06616569,93.91740471,6.336,,6.285,6.381,,5.42,6.050,,HD 43285,,HD 43285,,,
295,6.037,-12.96193859,96.08574553,6.302,,6.207,6.269,,5.41,6.120,,HD 44996,,HD 44996,,,
296,10.12,9.98213758,11.87174966,10.939,,10.816,11.027,,9.17,10.29,,HD 4539,,HD 4539,,,
297,6.98,-22.32181219,97.66050974,7.619,,7.486,7.618,,,7.15,,HD 46131,,HD 46131,,,
298,5.44,-5.21114187,99.14721397,5.623,,5.604,5.607,,5.05,5.57,,HD 47054,,HD 47054,,,
299,9.01,60.08994699,13.06438602,7.599,,7.682,7.484,,9.27,8.72,,HD 4931,,HD 4931,,,
300,7.49,-5.51319576,102.48133814,7.836,,7.700,7.828,,6.69,7.54,,HD 49787,,HD 49787,,,
301,7.12,-12.5847544,102.53370585,7.486,,7.473,7.438,,6.34,7.23,,HD 49888,,HD 49888,,,
302,6.606,-6.96651395,102.88916284,5.093,,5.856,4.147,,6.28,6.583,,HD 50138,,HD 50138,,,
303,6.711,-1.75648764,103.67517845,3.546,,4.303,3.326,,6.42,6.270,,HD 50820,,HD 50820,,,
304,6.94,14.47311115,106.39449779,7.220,,7.156,7.238,,,7.05,,HD 53416,,HD 53416,,,
305,7.24,-10.42882789,107.83686559,7.37,,7.377,7.291,,6.63,7.32,,HD 55135,,HD 55135,,,
306,6.84,-21.80328964,107.83719843,6.823,,6.817,6.652,,,6.92,,HD 55271,,HD 55271,,,
307,8.21,-11.87040827,108.74963601,8.402,,8.365,8.462,,7.77,8.28,,HD 56039,,HD 56039,,,
308,6.505,-14.44076261,114.41167112,6.363,,6.360,6.323,,6.22,6.526,,HD 61224,,HD 61224,,,
309,7.36,7.9665665,114.71242968,5.598,,6.048,5.451,,,7.15,,HD 61273,,HD 61273,,,
310,9.15,-3.6911425,115.128595,9.324,,9.267,9.280,,,9.19,,HD 61723,,HD 61723,,,
311,6.79,47.6422946,15.97232876,6.883,,6.820,6.886,,6.18,6.82,,HD 6226,,HD 6226,,,
312,4.09,-28.95482556,115.95195301,3.156,,3.550,2.463,,4.06,3.93,,HD 62623,,HD 62623,,,
313,7.348,65.97105327,16.47074639,6.843,,6.825,6.819,,,7.257,,HD 6343,,HD 6343,,,
314,7.89,3.84314824,118.09430927,,,,,,,7.99,,HD 64109,,HD 64109,,,
315,6.85,-23.31371857,118.4106379,7.114,,7.015,7.046,,,6.94,,HD 64566,,HD 64566,,,
316,6.75,-12.76478723,126.25164961,7.089,,7.090,7.002,,,6.89,,HD 71072,,HD 71072,,,
317,8.19,3.65610659,134.74721196,6.428,,6.886,6.213,8.1,,8.04,,HD 76868,,HD 76868,,,
318,9.37,61.89291479,19.61289022,7.338,,7.505,7.261,,9.29,8.86,,HD 7720,,HD 7720,,,
319,8.47,58.1428373,141.8496363,6.735,,7.318,6.622,,,8.35,,HD 81357,,HD 81357,,,
320,4.632,-23.59151484,145.32086383,,,,,,4.07,4.754,,HD 83953,,HD 83953,,,
321,6.11,-23.95076935,149.77626537,6.351,,6.315,6.232,,5.43,6.21,,HD 86612,,HD 86612,,,
322,7.000,-18.03448076,155.49750299,7.281,,7.280,7.244,,6.46,7.131,,HD 89884,,HD 89884,,,
323,5.562,-13.58847003,157.74932259,5.517,,5.521,5.517,,5.41,5.592,,HD 91120,,HD 91120,,,
324,3.720,9.30658596,158.20279865,4.264,,4.266,4.275,,2.780,3.870,,HD 91316,,HD 91316,,,
325,7.020,47.11447114,24.01285426,7.107,,7.056,7.088,,6.590,7.070,,HD 9709,,HD 9709,,,
326,9.25,62.93682604,26.49209309,8.354,,8.402,8.352,,,8.96,,HD 10664,,HD10664,,,
327,6.251,47.27744261,225.16132597,6.585,,6.492,6.570,,,6.348,,HD 133029,,HD133029,,,
328,6.695,57.05524391,34.21548659,5.705,,5.776,5.610,,6.08,6.499,,HD 13854,,HD13854,,,
329,6.983,57.13549756,34.76855275,5.426,,5.558,5.295,,6.64,6.543,,HD 14134,,HD14134,,,
330,3.750,46.31336452,244.93515276,,,,,,3.190,3.900,,HD 147394,,HD147394,,,
331,6.492,56.60982045,36.31678815,5.489,,5.570,5.416,,5.91,6.269,,HD 14818,,HD14818,,,
332,7.82,57.67917616,36.69040272,5.466,,5.680,5.348,,7.61,7.24,,HD 14956,,HD14956,,,
333,8.35,61.4559935,38.17723525,6.609,,6.727,6.519,,9.476,7.95,,HD 15558,,HD15558,,,
334,3.972,2.93156455,270.16131745,,,,,,3.33,3.974,,HD 164353,,HD164353,,,
335,6.417,45.47622179,269.71793994,6.606,,6.528,6.605,,,6.481,,HD 164429,,HD164429,,,
336,5.711,-12.01475191,275.80067718,5.592,,5.606,5.526,,5.46,5.705,,HD 169033,,HD169033,,,
337,8.61,11.21530979,281.03815088,8.566,,8.482,8.428,,8.04,8.60,,HD 173292,,HD173292,,,
338,6.95,15.39413507,282.094378,6.756,,6.743,6.748,,,6.93,,HD 174105,,HD174105,,,
339,7.86,-10.22013097,283.31030778,7.237,,7.240,7.164,,,7.77,,HD 174886,,HD174886,,,
340,6.90,59.66703556,283.00919379,6.975,,6.925,6.951,,,6.94,,HD 175511,,HD175511,,,
341,6.908,60.01787008,283.4362367,7.125,,7.070,7.015,,6.40,7.034,,HD 175863,,HD175863,,,
342,7.476,15.78767743,287.79689298,6.645,,6.994,5.995,7.4,,7.39,,HD 179218,,HD179218,,,
343,7.97,13.10818121,288.99161866,7.691,,7.706,7.685,,,7.93,,HD 180398,,HD180398,,,
344,8.32,-5.33081394,43.66177864,5.263,,5.709,5.090,,,7.31,,HD 18131B,,HD18131,,,
345,6.838,20.2473858,291.97526613,6.950,,6.860,6.975,,6.11,6.875,,HD 183261,,HD183261,,,
346,8.20,-1.10103492,297.38939159,7.654,,7.739,7.405,,7.53,8.14,,HD 187350,,HD187350,,,
347,5.622,40.59976051,297.65553032,5.757,,5.712,5.769,,4.86,5.680,,HD 187879,,HD187879,,,
348,7.221,32.789676,300.02940541,7.328,,7.281,7.308,,,7.282,,HD 189689,,HD189689,,,
349,8.25,21.8544247,300.69345292,8.186,,8.179,8.006,,,8.29,,HD 190150,,HD190150,,,
350,6.097,32.21859774,301.15072789,4.258,,4.416,4.041,,5.76,5.659,,HD 190603,,HD190603,,,
351,8.54,46.67181886,301.35692536,7.419,,7.579,7.153,,7.82,8.36,,HD 190944,,HD190944,,,
352,7.92,40.75905506,305.8256873,4.192,,4.637,4.002,,8,7.09,,HD 194279,,HD194279,,,
353,6.72,19.42103852,307.56016291,6.983,,6.903,6.987,,,6.81,,HD 195358,,HD195358,,,
354,5.838,56.06818924,307.36296197,5.957,,5.888,5.924,,,5.889,,HD 195554,,HD195554,,,
355,5.167,46.11413399,312.23454662,4.049,,4.182,3.946,,4.8,4.858,,HD 198478,,HD198478,,,
356,8.69,46.53132995,316.07588828,8.337,,8.329,8.334,,8.4,8.61,,HD 200830,,HD200830,,,
357,6.501,34.68850909,49.00775459,5.652,,5.703,5.586,,6.65,6.243,,HD 20210,,HD20210,,,
358,4.342,39.39468133,319.3539685,3.864,,3.973,3.683,,3.97,4.256,,HD 202850,,HD202850,,,
359,6.910,61.85845281,319.78066277,,,,,,6.23,6.692,,HD 203374A,,HD203374,,,
360,6.145,51.69846439,323.61442862,6.009,,6.002,6.067,,5.73,6.164,,HD 205551,,HD205551,,,
361,5.83,57.48903885,324.74007839,5.254,5.56,5.207,5.215,,5.09,5.62,,HD 206267,,HD206267,,,
362,7.060,57.73605472,325.60076978,5.91,,6.072,5.567,,6.30,6.927,,HD 206773,,HD206773,,,
363,7.045,61.29531188,329.32361098,6.848,,6.816,6.899,,6.34,7.005,,HD 208905,,HD208905,,,
364,5.58,39.63432861,338.96785177,5.846,,5.779,5.700,,4.68,5.73,,HD 214167,,HD214167,,,
365,5.365,48.02347543,53.0358432,5.665,,5.567,5.665,,4.81,5.463,,HD 21699,,HD21699,,,
366,10.36,-7.06921667,345.1484575,7.954,,8.327,7.916,,,9.71,,HD 217411,,HD217411,,,
367,6.103,56.94537508,345.02125622,2.631,,2.902,2.298,,,5.101,,HD 217476,,HD217476,,,
368,7.310,25.49638884,351.18913997,7.529,,7.451,7.557,,6.850,7.380,,HD 220582,,HD220582,,,
369,5.714,57.49938146,358.59596856,1.915,,2.269,1.670,,,4.517,,HD 224014,,HD224014,,,
370,9.27,51.66860946,8.29834955,8.855,,8.826,8.741,,,9.26,,HD 232214,,HD232214,,,
371,8.82,53.6077414,26.53578649,8.991,,8.953,9.048,,,8.83,,HD 232525,,HD232525,,,
372,4.276,62.93178261,8.24996332,4.148,,4.141,4.013,,3.5,4.189,,HD 2905,,HD2905,,,
373,4.289,66.3426768,73.51254332,4.380,,4.243,4.242,,3.55,4.301,,HD 30614,,HD30614,,,
374,7.40,43.32338027,74.83853747,7.445,,7.379,7.457,,6.65,7.40,,HD 31617,,HD31617,,,
375,7.90,29.84360418,74.69277226,6.262,,6.865,5.527,7.7,,7.73,,HD 31648,,HD31648,,,
376,8.49,43.43572923,75.39288029,8.411,,8.401,8.422,,7.79,8.49,,HD 31894,,HD31894,,,
377,7.59,43.72765671,76.13637965,7.702,,7.654,7.705,,,7.64,,HD 32328,,HD32328,,,
378,5.205,32.68759931,78.85164348,,,,,,,5.007,,HD 33959,,HD33959,,,
379,8.25,32.684778,78.84833714,6.969,,7.103,6.924,,,7.88,,HD 33959C,,HD33959C,,,
380,7.04,-5.26738445,83.88068682,5.588,,5.752,5.490,,6.41,6.87,,HD 37061,,HD37061,,,
381,1.51,-1.20191914,84.05338894,2.408,,2.191,2.273,,0.48,1.70,,HD 37128,,HD37128,,,
382,4.856,20.13845324,90.97993675,4.039,,4.186,3.949,,4.21,4.646,,HD 41117,,HD41117,,,
383,6.03,11.25137695,97.78984561,5.973,,6.042,5.782,,5.20,6.14,,HD 45995,,HD45995,,,
384,6.606,-6.96651395,102.88916284,5.093,,5.856,4.147,,6.28,6.583,,HD 50138,,HD50138,,,
385,7.36,7.9665665,114.71242968,5.598,,6.048,5.451,,,7.15,,HD 61273,,HD61273,,,
386,6.79,47.6422946,15.97232876,6.883,,6.820,6.886,,6.18,6.82,,HD 6226,,HD6226,,,
387,7.58,6.1860578,121.19938144,8.577,,8.377,8.611,,6.5,7.81,,HD 66665,,HD66665,,,
388,5.163,43.21782641,138.45086523,5.526,,5.409,5.531,,4.72,5.289,,HD 79158,,HD79158,,,
389,8.47,58.1428373,141.8496363,6.735,,7.318,6.622,,,8.35,,HD 81357,,HD81357,,,
390,9.57,26.35103194,156.02458167,8.397,,8.561,8.359,,,9.26,,HD 90052,,HD90052,,,
391,3.720,9.30658596,158.20279865,4.264,,4.266,4.275,,2.780,3.870,,HD 91316,,HD91316,,,
392,9.47,37.41744911,309.07586031,7.456,,7.573,7.434,,9.23,8.96,,,,HIP 101648,,,
393,9.14,48.8079874,309.99953976,8.331,,8.399,8.223,,,8.97,,,,HIP 101980,,,
394,9.65,47.05138567,312.31850598,8.885,,8.942,8.799,,10.44,9.52,,,,HIP 102767,,,
395,11.22,66.32206455,3.24686681,8.657,,8.866,8.477,,,10.58,,,,HIP 1036,,,
396,9.53,46.27421877,315.73350287,8.907,,8.990,8.800,,,9.44,,,,HIP 103879,,,
397,10.35,57.8013188,324.80865045,8.827,,9.022,8.624,,,10.18,,,,HIP 106919,,,
398,10.03,58.24422263,325.63999401,8.592,,8.773,8.439,,9.7,9.76,,,,HIP 107179,,,
399,9.34,61.69380323,332.21490167,8.924,,8.871,8.942,,8.91,9.26,,,,HIP 109320,,,
400,10.43,67.16873781,358.05056463,8.787,,8.885,8.793,,,9.97,,,,HIP 117700,,,
401,9.05,72.46028096,358.7932277,8.353,,8.426,8.109,,,8.93,,,,HIP 117928,,,
402,10.95,66.43162317,359.39208649,8.546,,8.638,8.406,,,10.17,,,,HIP 118118,,,
403,11.32,61.19578441,359.53071603,10.338,,10.408,10.357,,10.81,11.08,,,,HIP 118163,,,
404,9.54,27.13219481,69.20101339,5.400,6.9,5.945,5.240,7.4,,8.42,,HD 283750,,HIP 21482,,,
405,9.400,64.11044253,10.75531257,8.745,,8.763,8.700,,,9.185,,,,HIP 3383,,,
406,9.856,17.89488048,109.63688864,9.312,9.544,9.389,9.294,9.628,9.962,9.698,,,,HIP 35389,,,
407,9.61,66.75705541,11.90918162,7.815,,7.887,7.718,,,9.10,,,,HIP 3709,,,
408,9.90,41.52180524,283.97840168,7.488,,7.788,7.432,,,9.13,,,,HIP 92922,,,
409,9.20,44.55740484,287.45625955,8.410,,8.458,8.382,,,8.95,,HD 179259,,HIP 94145,,,
410,10.095,40.0473231,289.14543137,7.999,8.9,8.285,7.935,9.1,,9.50,,,,HIP 94734,,,
411,9.43,50.6466187,289.18540695,8.304,,8.394,8.235,,,9.15,,HD 234852,,HIP 94743,,,
412,8.32,34.28887913,290.36177626,8.192,,8.163,8.183,,,8.31,,HD 182055,,HIP 95145,,,
413,9.54,50.93117308,293.23496959,8.001,,8.140,7.954,,,9.08,,HD 184659,,HIP 96146,,,
414,9.919,43.87371891,294.71283014,7.203,8.3,7.616,7.125,8.6,,9.132,,,,HIP 96634,,,
415,9.855,50.77273357,296.37641985,7.096,8.0,7.473,7.034,8.4,,8.956,,HD 187055,,HIP 97219,,,
416,7.200,56.91902358,58.94321435,6.131,,6.253,6.066,,7.370,6.920,,HD 24395,,HIP018383,,,
417,6.104,1.05058166,209.11615218,5.370,,5.447,5.275,,,5.906,,HD 121607,,HIP068092,,,
418,8.46,16.73456082,241.94022622,7.276,,7.417,7.236,,,8.09,,HD 144922,,HIP079024,,,
419,7.61,28.1371291,253.72988549,6.601,,6.671,6.565,,,7.32,,HD 152877,,HIP082765,,,
420,8.00,59.41996839,277.97672106,6.921,,7.058,6.895,,,7.73,,HD 171566,,HIP090837,,,
421,7.56,4.27852067,286.42908756,6.727,,6.784,6.643,,,7.32,,HD 177702,,HIP093764,,,
422,8.13,12.92109183,289.93639103,7.005,,7.123,7.006,,,7.83,,HD 181362,,HIP094990,,,
423,7.20,38.59420773,294.32329486,6.234,,6.263,6.141,,,6.93,,HD 185397,,HIP096517,,,
424,8.49,45.99667404,296.21544013,7.526,,7.639,7.501,,,8.26,,HD 186857,,HIP097155,,,
425,7.94,46.66556264,298.80020673,6.864,,6.989,6.829,,,7.62,,HD 188854,,HIP098028,,,
426,8.18,71.10840616,303.32702437,7.021,,7.128,6.989,,,7.81,,HD 193138,,HIP099640,,,
427,3.520,33.97025693,311.55284318,0.104,1.3,0.641,-0.007,1.8,4.370,2.480,,HD 197989,,HIP102488,,,
428,8.640,16.57099302,322.73768751,7.588,,7.667,7.539,,8.640,8.330,,HD 204843,,HIP106223,,,
429,10.85,0.22170569,323.04970053,7.240,8.8,7.770,7.082,9.2,,9.89,,,,HIP106335,,,
430,11.08,21.36716659,334.8931621,7.911,9.0,8.465,7.849,9.5,,10.07,,,,HIP110218,,,
431,7.77,42.20101799,339.91490606,6.868,,6.940,6.832,,,7.54,,HD 214767,,HIP111875,,,
432,8.66,-7.82260806,343.95823942,6.492,,6.816,6.353,,,8.01,,HD 216777,,HIP113231,,,
433,12.661,5.75509414,343.98674924,7.458,9.216,8.130,7.240,10.267,13.796,11.212,15.729,,9.743,HIP113244,10.521,16.082,10.415
434,8.000,53.80962193,345.58474323,6.823,,6.922,6.767,,8.150,7.660,,HD 217768,,HIP113764,,,
435,9.276,76.50379844,345.64788926,7.047,7.9,7.417,7.018,8.2,,8.64,,HD 218028,,HIP113786,,,
436,7.67,36.09022593,349.67608705,6.637,,6.702,6.559,,,7.37,,HD 219843,,HIP115093,,,
437,8.30,59.7676073,359.04764607,6.171,6.9,6.458,6.121,7.2,,7.67,,HD 224233,,HIP118010,,,
438,6.106,67.2016044,56.50391648,4.989,,5.106,4.926,,,5.795,,HD 23005,,HIP17585,,,
439,9.54,27.13219481,69.20101339,5.400,6.9,5.945,5.240,7.4,,8.42,,HD 283750,,HIP21482,,,
440,7.105,-0.92991111,70.5940375,5.863,,5.999,5.778,,,6.9,,HD 29870,,HIP21894,,,
441,11.10,44.73008508,8.25589178,8.407,9.4,8.805,8.329,9.8,,10.28,,,,HIP2600,,,
442,7.11,73.9857967,85.75306015,6.008,,6.101,5.944,,,6.81,,HD 40469,,HIP26940,,,
443,6.080,56.11557521,86.62662448,5.534,,5.545,5.515,,,5.931,,HD 38091,,HIP27249,,,
444,8.34,12.41943685,88.49478249,6.332,7.1,6.616,6.277,7.4,,7.76,,HD 39570,,HIP27878,,,
445,11.48,64.74815767,91.07852855,9.308,10.4,9.635,9.211,10.6,,10.95,,,,HIP28753,,,
446,8.43,34.11470117,102.12623317,7.292,,7.415,7.236,,,8.13,,HD 49139,,HIP32638,,,
447,10.55,14.36291836,11.33741807,7.928,8.9,8.335,7.877,9.3,,9.79,,,,HIP3550,,,
448,8.58,14.8535942,122.09358421,7.520,,7.629,7.524,,,8.27,,HD 67403,,HIP39837,,,
449,6.659,60.38060276,123.96041901,5.902,,5.992,5.853,,,6.472,,HD 68457,,HIP40474,,,
450,7.070,58.21880799,134.35472685,6.468,,6.529,6.435,,7.190,6.920,,HD 76216,,HIP43984,,,
451,8.76,53.29455104,143.9269652,7.512,,7.608,7.437,,,8.38,,HD 82740,,HIP47084,,,
452,9.175,5.06144833,15.60238637,5.676,6.971,6.199,5.510,7.516,10.018,8.131,,** HDS 135,,HIP4849,,,
453,7.375,52.07119696,163.16410346,6.176,,6.344,6.150,,,7.013,,HD 94117,,HIP53173,,,
454,6.470,25.49072368,163.67569581,5.475,,5.560,5.407,,,6.199,,HD 94480,,HIP53355,,,
455,7.040,44.99828449,170.13327308,5.916,,6.052,5.858,,,6.735,,HD 98526,,HIP55391,,,
456,7.72,31.82808114,170.71322851,6.673,,6.741,6.610,,,7.41,,HD 98851,,HIP55563,,,
457,11.632,7.02504204,170.87432954,7.227,8.826,7.931,7.085,9.572,12.747,10.375,,,,HIP55605,,,
458,7.94,65.00911837,18.17192872,6.634,,6.754,6.585,,,7.62,,HD 7102,,HIP5659,,,
459,8.40,35.72734858,180.66697911,7.547,,7.633,7.538,,,8.20,,HD 104573,,HIP58723,,,
460,10.96,-6.35960203,183.09473873,7.541,,8.068,7.434,,,10.14,,HD 106092,,HIP59519,,,
461,10.57,6.9199059,183.47296043,8.589,9.3,8.826,8.489,9.6,,9.98,,HD 106313,,HIP59643,,,
462,7.21,30.4371204,190.28234519,6.168,,6.277,6.131,,,6.94,,HD 110326,,HIP61902,,,
463,12.2,35.22499185,194.41775086,6.734,8.8,7.401,6.552,9.73,,10.52,,,,HIP63253,,,
464,6.579,52.74558919,201.99845489,5.628,,5.825,5.650,,,6.348,,HD 117242,,HIP65678,,,
465,10.62,9.72481729,203.65588943,8.259,9.2,8.553,8.097,9.6,,9.97,,,,HIP66243,,,
466,9.63,33.80701985,209.27294438,7.851,8.5,8.090,7.836,8.7,,9.08,,,,HIP68145,,,
467,7.96,58.33450784,216.9278174,7.256,,7.285,7.173,,,7.79,,HD 127147,,HIP70709,,,
468,10.61,29.87570736,224.47318874,7.989,8.8,8.381,7.937,9.2,,9.73,,,,HIP73224,,,
469,7.42,69.65308581,227.2759828,6.385,,6.489,6.346,,,7.12,,HD 135119,,HIP74155,,,
470,11.83,72.78867832,235.54606313,8.764,9.8,9.305,8.675,10.3,,10.85,,,,HIP76902,,,
471,11.03,2.17906877,246.57292863,7.581,8.8,8.116,7.460,9.3,,10.07,,,,HIP80522,,,
472,10.52,28.80875058,260.72158894,7.709,8.7,8.121,7.656,9.1,,9.636,,,,HIP85047,,,
473,10.27,68.87659623,282.20031218,8.271,9.1,8.523,8.232,9.4,,9.716,,,,HIP92306,,,
474,9.20,44.55740484,287.45625955,8.410,,8.458,8.382,,,8.95,,HD 179259,,HIP94145,,,
475,7.93,72.24330817,287.45656349,6.594,,6.768,,,,7.54,,HD 180372,,HIP94146,,,
476,9.43,50.6466187,289.18540695,8.304,,8.394,8.235,,,9.15,,HD 234852,,HIP94743,,,
477,7.20,38.59420773,294.32329486,6.234,,6.263,6.141,,,6.93,,HD 185397,,HIP96517,,,
478,9.919,43.87371891,294.71283014,7.203,8.3,7.616,7.125,8.6,,9.132,,,,HIP96634,,,
479,8.2,12.37251435,296.02540248,7.621,,7.654,7.629,,,7.6,,HD 186455,,HIP97108,,,
480,9.855,50.77273357,296.37641985,7.096,8.0,7.473,7.034,8.4,,8.956,,HD 187055,,HIP97219,,,
481,7.315,41.47445845,300.7878905,6.225,,6.293,6.160,,,6.994,,HD 190401,,HIP98728,,,
482,7.24,62.33005461,61.96415396,5.949,,6.046,5.929,,6.87,6.86,,HD 25639,,HR  1260,,,
483,5.479,37.58019741,55.28273945,5.721,,5.617,5.687,,5.09,5.541,,HD 22780,,HR 1113,,,
484,4.893,63.07226227,59.35601583,5.128,,5.040,5.040,,4.78,4.946,,HD 24479,,HR 1204,,,
485,7.24,62.33005461,61.96415396,5.949,,6.046,5.929,,6.87,6.86,,HD 25639,,HR 1260,,,
486,6.128,40.78645092,71.05425071,5.780,,5.756,5.716,,5.86,6.096,,HD 29866,,HR 1500,,,
487,6.166,-10.26332333,74.96022025,3.552,,4.119,3.592,,,5.399,,HD 32008B,,HR 1608,,,
488,6.865,66.14759173,10.51424791,3.702,,4.239,3.495,,,5.829,,HD 3856,,HR 177,,,
489,6.103,17.05812478,83.05892595,6.022,6.050,5.964,6.016,6.037,5.823,6.06,,HD 36408,,HR 1847,,,
490,,,,,,,,,,,,,,HR 1847 A,,,
491,,,,,,,,,,,,,,HR 1847 B,,,
492,,,,,,,,,,,,,,HR 1847A,,,
493,,,,,,,,,,,,,,HR 1847A+B,,,
494,,,,,,,,,,,,,,HR 1847B,,,
495,,,,,,,,,,,,,,HR 1847B(+A),,,
496,,,,,,,,,,,,,,HR 1847B+A,,,
497,,,,,,,,,,,,,,HR 1847a,,,
498,,,,,,,,,,,,,,HR 1847b,,,
499,6.070,-16.72583048,85.42296034,6.533,,6.424,6.503,,,6.203,,HD 37971,,HR 1962,,,
500,5.172,-6.70893821,91.05625598,,,,,,4.30,5.251,,HD 41335,,HR 2142,,,
501,5.795,-16.61800603,94.03204872,6.346,,6.293,6.401,,5.00,5.959,,HD 43544,,HR 2249,,,
502,5.980,22.63745753,106.32653916,5.981,,5.922,5.931,,5.890,6.010,,HD 53257,,HR 2659,,,
503,6.44,-2.88192056,120.18389285,6.428,,6.479,6.252,,5.63,6.51,,HD 65875,,HR 3135,,,
504,6.596,74.30095575,24.34259403,6.395,,6.408,6.382,,6.27,6.589,,HD 9612,,HR 449,,,
505,6.261,55.69011743,250.74357906,6.015,,5.978,6.001,,,6.178,,HD 151199,,HR 6226,,,
506,6.328,14.96623232,276.48012376,6.382,,6.360,6.409,,,6.365,,HD 169820,,HR 6906,,,
507,6.446,58.02732219,291.44485732,6.987,,6.881,6.969,,5.88,6.581,,HD 183339,,HR 7401,,,
508,5.447,30.98366509,299.65825683,5.596,,5.507,5.602,,5.22,5.506,,HD 189395,,HR 7640,,,
509,5.539,26.46194687,309.2694689,5.720,,5.636,5.712,,,5.589,,HD 196504,,HR 7880,,,
510,6.061,38.13174071,45.04956043,6.130,,6.127,6.104,,5.46,6.119,,HD 18552,,HR 894,,,
511,5.479,37.58019741,55.28273945,5.721,,5.617,5.687,,5.09,5.541,,HD 22780,,HR1113,,,
512,7.24,62.33005461,61.96415396,5.949,,6.046,5.929,,6.87,6.86,,HD 25639,,HR1260,,,
513,5.668,34.13075813,66.12148121,5.820,,5.746,5.807,,,5.722,,HD 27777,,HR1377,,,
514,5.876,53.91084583,68.00767612,5.459,,5.426,5.453,,6.41,5.772,,HD 28446,,HR1417,,,
515,6.144,32.45776762,67.66003583,6.219,,6.133,6.195,,,6.171,,HD 28459,,HR1419,,,
516,6.166,-10.26332333,74.96022025,3.552,,4.119,3.592,,,5.399,,HD 32008B,,HR1608,,,
517,6.146,16.70015876,81.5238456,6.303,,6.285,6.371,,5.52,6.229,,HD 35532,,HR1798,,,
518,6.103,17.05812478,83.05892595,6.022,6.050,5.964,6.016,6.037,5.823,6.06,,HD 36408,,HR1847,,,
519,,,,,,,,,,,,,,HR1847 A,,,
520,,,,,,,,,,,,,,HR1847 B,,,
521,,,,,,,,,,,,,,HR1847A,,,
522,,,,,,,,,,,,,,HR1847A+B,,,
523,,,,,,,,,,,,,,HR1847B,,,
524,,,,,,,,,,,,,,HR1847B+A,,,
525,,,,,,,,,,,,,,HR1847a,,,
526,,,,,,,,,,,,,,HR1847b,,,
527,5.172,-6.70893821,91.05625598,,,,,,4.30,5.251,,HD 41335,,HR2142,,,
528,5.653,-2.27204071,102.31837301,5.959,,5.924,5.996,,5.18,5.754,,HD 49643,,HR2521,,,
529,5.980,22.63745753,106.32653916,5.981,,5.922,5.931,,5.890,6.010,,HD 53257,,HR2659,,,
530,6.385,28.17669653,106.85365784,6.618,,6.518,6.584,,,6.458,,HD 53744,,HR2669,,,
531,1.24,11.96720878,152.09296244,1.658,1.5,1.665,1.62,1.4,,1.40,,HD 87901,,HR3982,,,
532,4.187,42.43704042,248.5257639,,,,,,,4.200,,HD 149630,,HR6168,,,
533,6.117,22.9232274,270.62564143,6.384,,6.305,6.416,,,6.208,,HD 164900,,HR6741,,,
534,6.093,1.9189917,271.15565384,6.224,,6.148,6.237,,5.23,6.150,,HD 165174,,HR6747,,,
535,6.356,31.6176115,280.42213013,6.442,,6.387,6.440,,,6.403,,HD 172958,,HR7030,,,
536,5.467,23.02554234,289.43181895,5.413,,5.337,5.399,,4.64,5.477,,HD 180968,,HR7318,,,
537,6.446,58.02732219,291.44485732,6.987,,6.881,6.969,,5.88,6.581,,HD 183339,,HR7401,,,
538,6.231,20.27973926,292.33707131,6.505,,6.439,6.554,,,6.327,,HD 183537,,HR7409,,,
539,5.539,26.46194687,309.2694689,5.720,,5.636,5.712,,,5.589,,HD 196504,,HR7880,,,
540,6.133,-2.41297345,309.80521151,6.395,,6.348,6.356,,5.70,6.221,,HD 196712,,HR7890,,,
541,6.294,19.37563848,321.61109165,5.488,,5.677,5.506,,,6.078,,HD 204188,,HR8210,,,
542,6.294,19.37563848,321.61109165,5.488,,5.677,5.506,,,6.078,,HD 204188,,IK Peg,,,
543,7.77,48.15124737,59.93615716,7.591,,7.561,7.544,,,7.73,,HD 24909,,IQ Per,,,
544,,,,,,,,,,,,,,IRAS 17+23,,,
545,10.04,23.32926528,266.76365375,8.170,,9.075,7.205,,,10.01,,,,IRAS 17449+2320,,,
546,,,,,,,,,,,,,,IRAS17449,,,
547,,,,,,,,,,,,,,IRAS17449+2320,,,
548,13.98,11.35465,291.70039583,4.544,,5.466,3.612,,,11.66,,,,IRC +10420,,,
549,,,,,,,,,,,,,,IRC+10420,,,
550,8.57,34.7828472,81.96833559,7.604,,7.628,7.590,,7.91,8.39,,HD 35652,,IU Aur,,,
551,,,,,,,,,,,,,,Jupiter,,,
552,6.76,-14.95436828,97.62410696,6.720,,6.722,6.737,,,6.77,,HD 46035,,KL CMa,,,
553,11.3,54.15333333,332.59625,,,,,,,,,,,KL Cep,,,
554,7.33,-12.66792213,102.31612126,6.287,,6.528,6.104,,,7.26,,HD 49699,,KS CMa,,,
555,7.41,50.19235728,346.77588476,,,,,,7.02,7.02,,HD 218393,,KX And,,,
556,6.713,49.65061347,347.31977155,6.772,,6.708,6.726,,6.17,6.758,,** HDS 3296,,KY And,,,
557,3.766,69.78823584,188.37059686,3.908,,3.823,3.820,,3.17,3.881,,HD 109387,,Kap Dra,,,
558,4.080,35.79103145,59.74125955,4.070,,3.987,3.953,,3.190,4.060,,HD 24912,,Ksi Per,,,
559,3.663,9.73267621,51.79229464,3.738,,3.622,3.779,,,3.727,,HD 21364,,Ksi Tau,,,
560,6.732,-2.51712577,127.12146957,5.632,6.06,5.771,5.583,,,6.420,,HD 71663,,LO Hya,,,
561,6.450,46.41317799,359.69349707,6.617,,6.588,6.545,,5.84,6.542,,HD 224559,,LQ And,,,
562,7.34,-12.28815835,106.01092076,7.722,,7.628,7.704,,6.74,7.44,,HD 53303,,LT CMa,,,
563,6.96,35.3750249,82.42770843,6.667,,6.695,6.654,,6.23,6.85,,HD 35921,,LY Aur,,,
564,7.370,15.87267015,304.29073608,7.602,,7.544,7.498,,6.990,7.470,,HD 192954,,LZ Del,,,
565,13.28,15.28118118,94.68966086,7.840,,8.762,6.623,,12.89,11.95,,,,MWC 137,,,
566,11.5,39.49723833,305.76505708,5.800,,6.979,4.679,,11.62,10.6,,,,MWC 342,,,
567,8.05,-12.24258122,274.52456043,5.315,,5.520,5.138,,7.87,7.45,,HD 167971,,MY Ser,,,
568,,,,,,,,,,,,,,MYSer,,,
569,11.2,53.68333333,337.00708333,,,,,,,,,,,MZ Lac,,,
570,,,,,,,,,,,,,,N Vul 07,,,
571,17.76,20.88127778,298.60254167,,,,,17.9,,15.96,,,,N Vul 2007,,,
572,13.53,40.76458333,305.79104167,,,,,,,12.71,,,,NGC 6910 37,,,
573,,,,,,,,,,,,,,NGC 6910 Webda 37,,,
574,,,,,,,,,,,,,,NGC 6910 Wedba 5,,,
575,,,,,,,,,,,,,,NGC1502 Webda 7,,,
576,13.53,40.76458333,305.79104167,,,,,,,12.71,,,,NGC6910 37,,,
577,,,,,,,,,,,,,,NGC6910 WEBDA 16,,,
578,,,,,,,,,,,,,,NGC6910 WEBDA 41,,,
579,,,,,,,,,,,,,,NGC6910 WEBDA37,,,
580,8.357,31.92060889,85.17520928,1.128,,2.122,0.971,,,6.242,,HD 37536,,NO Aur,,,
581,6.75,14.050178,320.89744081,6.898,,6.852,6.820,,6.18,6.86,,HD 203699,,NT Peg,,,
582,6.099,5.43572007,275.36834287,6.171,,6.128,6.156,,5.47,6.147,,HD 168797,,NW Ser,,,
583,,41.81013889,307.05216667,,,,,,,7.3,,,,Nova Cyg 2007,,,
584,,,,,,,,,,,,,,NovaScuti,,,
585,,,,,,,,,,,,,,O Cas,,,
586,7.47,48.72277806,24.11333321,3.165,,3.794,2.914,,,6.22,,HD 9746,,OP And,,,
587,7.79,45.35085195,269.20219541,0.366,,1.459,0.198,,,6.34,,HD 163990,,OP Her,,,
588,4.925,25.92513615,328.2657011,5.491,,5.390,5.545,,4.24,5.078,,HD 208057,,OQ Peg,,,
589,6.261,15.51719613,111.11520039,6.398,,6.395,6.291,,5.39,6.448,,HD 58050,,OT Gem,,,
590,11.48,16.32393611,104.6266875,9.471,,9.977,8.364,,,11.20,,HD 51585,,OY Gem,,,
591,,,,,,,,,,,,,,OYGem,,,
592,4.432,48.28436488,11.18132777,,,,,,3.96,4.477,,HD 4180,,Omi Cas,,,
593,4.45,-25.93717008,117.02153497,4.435,,4.568,4.165,,3.43,4.50,,HD 63462,,Omi Pup,,,
594,,,,,,,,,,,,,,OmiCas,,,
595,4.432,48.28436488,11.18132777,,,,,,3.96,4.477,,HD 4180,,Omicron Cas,,,
596,5.134,38.03293131,304.44667535,3.409,,3.624,3.053,,4.67,4.795,,HD 193237,,P Cyg,,,
597,,,,,,,,,,,,,,PG0116+242,,,
598,6.690,14.88922731,96.81574008,5.761,,5.906,5.534,,5.91,6.598,,HD 45314,,PZ Gem,,,
599,4.00,50.68873134,25.915158,,,,,,3.10,4.09,,HD 10516,,Phi Per,,,
600,4.967,24.13671084,57.29673229,5.067,5.08,5.087,4.937,,4.73,5.048,,HD 23862,,Pleione,,,
601,4.255,48.19263304,54.12241593,,,,,,3.60,4.310,,HD 22192,,Psi Per,,,
602,7.64,16.94875712,98.27330334,7.522,,7.531,7.452,,,7.64,,HD 46264,,QQ Gem,,,
603,4.592,25.5919597,303.81623093,5.225,,5.232,5.270,,,4.759,,HD 192685,,QR Vul,,,
604,7.02,17.90200988,104.42875618,7.183,,7.200,7.047,,6.29,7.15,,HD 51354,,QY Gem,,,
605,,51.38880585,359.60363898,-0.849,,0.163,-1.404,,,4.8,,HD 224490,,R Cas,,,
606,5.59,43.94609208,283.83375928,-1.575,,-0.738,-1.837,,,4.20,,HD 175865,,R Lyr,,,
607,5.76,56.28509588,96.60764875,5.066,,5.471,4.993,,,5.54,,HD 44691,,RR Lyn,,,
608,,,,,,,,,,,,,,RRLyn,,,
609,10.8,38.72902066,303.34859315,1.985,,3.206,1.321,,,7.74,,HD 192443,,RS Cyg,,,
610,12.29,-6.70791111,267.55500833,6.858,,7.637,6.500,,,11.20,,HD 162214,,RS Oph,,,
611,10.86,30.40143818,76.95652603,7.621,,8.378,7.020,9.95,,10.36,,HD 240764,,RW Aur,,,
612,8.805,55.9632295,335.77923572,2.462,,3.090,2.027,,,6.516,,HD 212466,,RW Cep,,,
613,10.14,67.57738841,46.94061257,5.618,,6.243,5.435,,,9.00,,,,RX Cas,,,
614,,,,,,,,,,,,,,RXCas,,,
615,6.40,69.63428935,42.2312957,5.545,,5.707,5.473,,,6.26,,HD 17138,,RZ Cas,,,
616,1.24,11.96720878,152.09296244,1.658,1.5,1.665,1.62,1.4,,1.40,,HD 87901,,Regulus,,,
617,5.073,41.80457265,80.45173543,5.531,,5.437,5.581,,,5.200,,HD 34759,,Rho Aur,,,
618,10.08,83.03603417,33.01827458,7.939,,8.359,7.790,,,9.75,,,,SAO 349,,,
619,7.725,74.54257975,56.27967626,4.365,,5.233,4.216,,,6.731,,HD 22648,,SAO 4972,,,
620,9.57,47.86409056,307.62853,7.854,,8.058,7.624,,8.95,9.27,,,,SAO 49725,,,
621,9.45,48.68753389,353.45947958,8.252,,8.325,8.168,,,9.03,,,,SAO 53150,,,
622,9.28,79.26471417,246.34942625,9.169,,9.222,8.969,,,9.36,,,,SAO 8525,,,
623,10.08,83.03603417,33.01827458,7.939,,8.359,7.790,,,9.75,,,,SAO349,,,
624,9.57,47.86409056,307.62853,7.854,,8.058,7.624,,8.95,9.27,,,,SAO49725,,,
625,,65.59938889,114.32091667,,,,,,,11.2,,,,SN 2004dj,,,
626,,65.59938889,114.32091667,,,,,,,11.2,,,,SN2004dj,,,
627,,54.27366111,210.7738875,,,,,,,,,,,SN2011fe,,,
628,8.2,43.58607778,325.67835,8.36,,8.52,8.3,,11.07,12.1,,HD 206697,,SS Cyg,,,
629,9.65,37.93850909,343.42357229,6.823,,7.209,6.703,,,8.90,,HD 216598,,SW Lac,,,
630,9.67,54.89149249,2.67531886,6.583,,7.167,6.373,,,8.96,,HD 232121,,SX Cas,,,
631,7.26,62.33293757,61.95538446,6.100,,6.122,6.063,,6.82,6.93,,HD 25638,,SZ CAM,,,
632,7.26,62.33293757,61.95538446,6.100,,6.122,6.063,,6.82,6.93,,HD 25638,,SZ Cam,,,
633,8.45,68.49088996,317.38242039,-1.287,,-0.496,-1.824,,,7.37,,HD 202012,,T Cep,,,
634,10.03,31.02116701,272.2758771,3.314,,4.210,2.988,,,8.91,,HD 166382,,T Her,,,
635,7.750,63.90713751,233.4627377,6.281,,6.501,6.147,,,7.46,,HD 139319,,TW Dra,,,
636,,,,,,,,,,,,,,TW Dra B,,,
637,7.750,63.90713751,233.4627377,6.281,,6.501,6.147,,,7.46,,HD 139319,,TW DraB,,,
638,11.66,31.96229667,275.02244292,9.442,,9.678,9.322,10.633,,11.11,,,,TYC 2627-638-1,,,
639,10.50,48.99176222,51.61612042,8.422,,8.621,8.163,,,10.14,,,,TYC 3320-1861-1,,,
640,,,,,,,,,,,,,,TYC4000,,,
641,11.52,53.78403611,353.71698333,12.665,,12.502,12.726,12.26,,11.49,11.57,,12.47,TYC4000-216-1,12.13,,12.82
642,,,,,,,,,,,,,,TYC4406,,,
643,11.07,71.40589111,215.36610042,11.950,,11.848,12.017,,,11.39,11.17,,11.94,TYC4406-285-1,11.64,,12.21
644,9.56,47.56888333,275.54863542,,,,,,,9.32,,,,TZ Dra,,,
645,4.98,17.45690422,206.8155975,3.55,4.0,3.62,3.36,4.2,,4.49,,HD 120136,,Tau Boo,,,
646,,,,,,,,,,,,,,TauBoo,,,
647,4.036,31.35913227,233.2324256,,,,,,3.47,4.153,,HD 138749,,Theta Crb,,,
648,3.600,15.87088182,67.16558623,2.997,,2.994,2.880,,3.690,3.410,,HD 28319,,Theta2 Tau,,,
649,11.85,47.89419179,304.90248507,1.95,,3.33,1.16,,,8.77,,HD 193680,,U Cyg,,,
650,10.03,18.8924599,246.44779864,-0.233,,0.858,-0.634,,,8.50,,HD 148206,,U Her,,,
651,5.924,1.21054491,259.13215193,5.720,,5.656,5.739,,,5.903,,HD 156247,,U Oph,,,
652,6.49,19.61047841,289.70170366,6.262,,6.283,6.211,,,6.50,,HD 181182,,U Sge,,,
653,5.801,-26.82235988,331.15319403,6.381,,6.238,6.375,,5.16,5.952,,HD 209522,,UU PsA,,,
654,8.74,-7.50496653,119.81823069,7.190,,7.460,7.091,,,8.42,,HD 65607,,UX Mon,,,
655,,,,,,,,,,,,,,UZLyr,,,
656,4.643,-15.95501735,290.43176182,3.385,,4.153,2.624,,4.18,4.578,,HD 181616,,Ups Sgr,,,
657,6.98,3.76132737,293.40383037,,,,,,6.63,6.98,,HD 184279,,V 1294 Aql,,,
658,11.5,39.49723833,305.76505708,5.800,,6.979,4.679,,11.62,10.6,,,,V 1972 Cyg,,,
659,11.98,31.10558889,299.13141667,6.10,,7.096,5.379,,11.68,10.92,,,,V 2028 Cyg,,,
660,7.65,57.65180543,300.43973924,7.774,,7.732,7.742,,,7.70,,HD 190397,,V 2104 Cyg,,,
661,7.85,31.65703122,308.27130602,7.430,,7.456,7.279,,7.11,7.82,,HD 195907,,V 2123 Cyg,,,
662,7.880,17.96826756,295.7011467,7.146,,7.141,7.081,,7.360,7.780,,HD 186272,,V 341 Sge,,,
663,6.594,57.11399616,310.80701267,5.643,,5.617,5.621,,6.17,6.341,,HD 197770,,V 379 Cep,,,
664,5.622,40.59976051,297.65553032,5.757,,5.712,5.769,,4.86,5.680,,HD 187879,,V 380 Cyg,,,
665,16.04,45.77583333,315.540875,4.357,,5.704,3.166,11.38,,14.68,,,,V 407 Cyg,,,
666,8.39,68.18536286,324.23773373,7.811,,7.820,7.767,,,8.27,,HD 206135,,V 433 Cep,,,
667,9.02,-18.70755146,286.1997284,6.635,,7.090,6.425,,8.82,8.66,,HD 177291,,V 4409 Sgr,,,
668,8.45,35.38600132,301.5414517,6.848,,6.937,6.734,,7.89,8.16,,HD 190967,,V 448 Cyg,,,
669,,,,,,,,,,,,,,V 475 Sct?,,,
670,6.606,-6.96651395,102.88916284,5.093,,5.856,4.147,,6.28,6.583,,HD 50138,,V 743 Mon,,,
671,7.92,70.95650608,38.36082865,7.535,,7.614,7.415,,,7.91,,HD 15472,,V 788 Cas,,,
672,6.067,3.44440538,292.63801325,5.897,,5.960,5.814,,5.69,6.089,,HD 183656,,V 923 Aql,,,
673,5.360,-23.97809783,238.48276682,5.418,,5.437,5.365,,4.77,5.400,,HD 142184,,V1040 Sco,,,
674,10.3,44.25792778,314.72388333,,,,,,,,,,,V1057 Cyg,,,
675,6.325,54.97379118,294.6715988,4.840,5.4,4.979,4.772,5.6,,5.899,,HD 185912,,V1143 Cyg,,,
676,6.83,25.43954428,85.91274722,6.29,,6.389,6.014,,6.15,6.82,,HD 38010,,V1165 Tau,,,
677,14,2.27125,304.65841667,,,,,,,,,,,V1284 Aql,,,
678,6.98,3.76132737,293.40383037,,,,,,6.63,6.98,,HD 184279,,V1294 Aql,,,
679,,,,,,,,,,,,,,V1294-Aql,,,
680,6.98,3.76132737,293.40383037,,,,,,6.63,6.98,,HD 184279,,V1294Aql,,,
681,12.97,50.36243611,315.288375,,,,,,13.37,11.96,,,,V1331 Cyg,,,
682,6.399,7.90241483,297.57283096,,,,,,5.71,6.484,,HD 187567,,V1339 Aql,,,
683,8.27,36.42559883,300.92332375,,,,,,7.92,8.18,,HD 190467,,V1362 Cyg,,,
684,8.27,36.42559883,300.92332375,,,,,,7.92,8.18,,HD 190467,,V1362Cyg,,,
685,6.41,4.01194718,80.33045052,,,,,,,6.52,,HD 34959,,V1369 Ori,,,
686,7.14,2.1647131,82.20190252,7.495,,7.438,7.380,,,7.24,,HD 36012,,V1372 Ori,,,
687,7.55,9.22598823,82.92097738,6.999,,7.078,6.759,,7.32,7.51,,HD 36376,,V1374 Ori,,,
688,8.14,9.80761573,288.75597024,7.565,,7.564,7.481,,,7.99,,HD 180126,,V1448 Aql,,,
689,8.210,7.58822249,296.06605955,7.906,,7.963,7.808,,7.650,8.150,,HD 186456,,V1463 Aql,,,
690,7.138,29.40232861,297.17448513,6.263,,6.352,6.158,,6.82,7.012,,HD 187399,,V1507 Cyg,,,
691,6.582,33.43728268,297.21082562,6.034,,6.027,6.030,,5.99,6.468,,HD 187459,,V1765 Cyg,,,
692,6.582,33.43728268,297.21082562,6.034,,6.027,6.030,,5.99,6.468,,HD 187459,,V1765Cyg,,,
693,5.217,46.15577267,315.29553503,5.952,,5.860,5.993,,4.23,5.417,,HD 200310,,V1931 Cyg,,,
694,,,,,,,,,,,,,,V1972,,,
695,11.5,39.49723833,305.76505708,5.800,,6.979,4.679,,11.62,10.6,,,,V1972 Cyg,,,
696,11.98,31.10558889,299.13141667,6.10,,7.096,5.379,,11.68,10.92,,,,V2028 Cyg,,,
697,7.16,47.48117712,292.81818739,6.276,,6.317,6.244,,,6.88,,HD 184242,,V2083 Cyg,,,
698,7.16,47.48117712,292.81818739,6.276,,6.317,6.244,,,6.88,,HD 184242,,V2083Cyg,,,
699,7.65,57.65180543,300.43973924,7.774,,7.732,7.742,,,7.70,,HD 190397,,V2104 Cyg,,,
700,7.25,32.37983145,304.20075751,6.534,,6.620,6.357,,6.41,7.16,,HD 193009,,V2113 Cyg,,,
701,7.92,40.75905506,305.8256873,4.192,,4.637,4.002,,8,7.09,,HD 194279,,V2118 Cyg,,,
702,5.689,37.47644822,305.93487247,6.228,,6.174,6.165,,4.82,5.859,,HD 194335,,V2119 Cyg,,,
703,7.32,54.68420096,306.38671079,7.335,,7.300,7.233,,6.73,7.36,,HD 194883,,V2120 Cyg,,,
704,8.48,53.90610321,312.13655488,7.556,,7.674,7.345,,8.14,8.14,,HD 198512,,V2135 Cyg,,,
705,6.270,46.66133725,312.47768865,,,,,,,6.330,,HD 198625,,V2136 Cyg,,,
706,7.295,40.30002786,313.84629977,6.199,,6.344,5.877,,6.52,7.157,,HD 199356,,V2139 Cyg,,,
707,7.17,46.57858674,315.20774003,7.509,,7.454,7.553,,6.69,7.28,,HD 200449,,V2144 Cyg,,,
708,6.47,45.50255517,317.49429872,6.901,,6.798,6.915,,5.81,6.61,,HD 201733,,V2148 Cyg,,,
709,7.67,40.69724432,320.71312049,7.032,,7.143,6.906,,6.92,7.52,,HD 203731,,V2153 Cyg,,,
710,7.99,55.36673352,321.12640834,5.962,,6.207,5.631,,7.96,7.55,,HD 204116,,V2155 Cyg,,,
711,7.61,44.33812581,322.31185318,7.643,,7.654,7.524,,6.81,7.63,,HD 204722,,V2162 Cyg,,,
712,6.904,45.49418558,322.50372168,6.931,,6.902,6.928,,,6.944,,HD 204860,,V2163 Cyg,,,
713,8.13,29.74552613,323.93532197,7.787,,7.858,7.488,,7.25,8.16,,HD 205618,,V2166 Cyg,,,
714,6.426,48.66856498,329.2592696,6.710,,6.625,6.720,,,6.500,,HD 208727,,V2173 Cyg,,,
715,9.20,54.4848827,329.62400304,7.861,,7.977,7.697,,8.66,8.94,,HD 235679,,V2174 Cyg,,,
716,9.20,54.4848827,329.62400304,7.861,,7.977,7.697,,8.66,8.94,,HD 235679,,V2174 cyg,,,
717,9.32,40.87495836,305.79493412,6.079,,6.353,5.917,,9.29,8.59,,HD 229196,,V2245 Cyg,,,
718,6.381,2.18620241,259.05941952,5.522,,5.552,5.494,,,6.187,,HD 156208,,V2368 Oph,,,
719,8.97,-1.15004808,266.56328013,8.327,,8.396,8.276,,,8.84,,HD 161543,,V2385 Oph,,,
720,6.68,11.13055726,268.55903568,5.104,5.8,5.266,5.028,6.0,,6.26,,HD 163151,,V2388 Oph,,,
721,,29.86988889,299.639875,,,,,,,7.6,,,,V2468Cyg,,,
722,9.21,32.3205,295.75816667,,7.72,,,,9.02,9.03,,,,V2491 Cyg,,,
723,7.63,0.59570722,239.77398208,7.123,,7.134,7.065,,,7.49,,HD 143213,,V335 Ser,,,
724,7.63,0.59570722,239.77398208,7.123,,7.134,7.065,,,7.49,,HD 143213,,V335Ser,,,
725,7.880,17.96826756,295.7011467,7.146,,7.141,7.081,,7.360,7.780,,HD 186272,,V341 Sge,,,
726,7.02,51.8610013,335.09462876,7.702,,7.623,7.692,,6.11,6.98,,HD 212044,,V357 Lac,,,
727,7.680,39.2877014,311.99826973,5.006,,5.202,4.828,,8.080,6.990,,HD 198287,,V367 Cyg,,,
728,6.440,38.70784392,345.22811837,6.821,,6.700,6.845,,5.78,6.555,,HD 217543,,V378 And,,,
729,5.589,-14.4927725,114.01622321,5.50,,5.510,5.205,,4.87,5.656,,HD 60855,,V378 Pup,,,
730,6.594,57.11399616,310.80701267,5.643,,5.617,5.621,,6.17,6.341,,HD 197770,,V379 Cep,,,
731,6.594,57.11399616,310.80701267,5.643,,5.617,5.621,,6.17,6.341,,HD 197770,,V379 cep,,,
732,6.594,57.11399616,310.80701267,5.643,,5.617,5.621,,6.17,6.341,,HD 197770,,V379Cep,,,
733,7.73,68.16326775,315.40383185,,,,,,7.34,7.42,,HD 200775,,V380 Cep,,,
734,5.622,40.59976051,297.65553032,5.757,,5.712,5.769,,4.86,5.680,,HD 187879,,V380 Cyg,,,
735,7.836,27.71690622,297.7697412,7.469,,7.462,7.476,,7.24,7.761,,HD 187851,,V396 Vul,,,
736,7.54,73.17449577,0.84987508,7.068,,7.104,7.085,,,7.40,,HD 225093,,V397 Cep,,,
737,7.54,73.17449577,0.84987508,7.068,,7.104,7.085,,,7.40,,HD 225093,,V397Cep,,,
738,7.99,49.22101175,332.0885495,8.135,,8.033,8.104,,,8.01,,HD 210308,,V401 Lac,,,
739,7.99,49.22101175,332.0885495,8.135,,8.033,8.104,,,8.01,,HD 210308,,V401Lac,,,
740,6.692,44.84647979,332.31332913,6.735,,6.676,6.723,,6.44,6.729,,HD 210405,,V402 Lac,,,
741,5.484,-19.29028689,287.0695946,5.386,,5.392,5.313,,4.65,5.570,,HD 178175,,V4024 Sgr,,,
742,6.66,-25.25660449,277.34160933,6.480,,6.461,6.474,,5.98,6.59,,HD 170235,,V4031 Sgr,,,
743,16.04,45.77583333,315.540875,4.357,,5.704,3.166,11.38,,14.68,,,,V407 CYg,,,
744,16.04,45.77583333,315.540875,4.357,,5.704,3.166,11.38,,14.68,,,,V407 Cyg,,,
745,8.27,41.00289547,77.70084625,7.814,,7.911,7.641,,7.79,8.24,,HD 33232,,V414 Aur,,,
746,7.99,41.21520499,78.06039732,5.90,,6.373,5.621,,7.50,7.82,,HD 33461,,V415 Aur,,,
747,7.36,40.19353105,78.30555713,7.457,,7.440,7.485,,6.68,7.38,,HD 33604,,V416 Aur,,,
748,8.78,55.48874602,312.79161084,6.816,,6.981,6.655,,8.58,8.33,,HD 198895,,V417 Cep,,,
749,9.66,57.0619901,312.85048184,7.997,,8.162,7.743,,,9.34,,HD 239510,,V418 Cep,,,
750,7.58,37.67601002,80.64679769,6.507,,6.696,6.230,,6.79,7.45,,HD 34921,,V420 Aur,,,
751,9.01,59.76102848,318.68951538,7.437,,7.583,7.241,,8.53,8.66,,HD 239618,,V420 Cep,,,
752,6.45,-23.61778976,122.0806601,6.575,,6.562,6.465,,6.02,6.53,,HD 67698,,V420 Pup,,,
753,6.580,58.61148335,319.32829329,,,,,,6.12,6.432,,HD 203025,,V421 Cep,,,
754,8.02,43.5592867,343.94609641,7.614,,7.665,7.455,,7.55,7.97,,HD 216851,,V423 Lac,,,
755,6.501,34.68850909,49.00775459,5.652,,5.703,5.586,,6.65,6.243,,HD 20210,,V423 Per,,,
756,,,,,,,,,,,,,,V431,,,
757,12.67,-6.0770251,277.35705216,8.159,,9.309,6.208,,12.55,11.60,,,,V431 Sct,,,
758,,,,,,,,,,,,,,V431 Sct?,,,
759,8.90,58.14016822,324.24850021,7.478,,7.542,7.284,,8.79,8.53,,HD 239712,,V432 Cep,,,
760,8.39,68.18536286,324.23773373,7.811,,7.820,7.767,,,8.27,,HD 206135,,V433 Cep,,,
761,7.25,43.05959179,85.58277168,6.753,,6.814,6.593,,6.66,7.25,,HD 37657,,V434 Aur,,,
762,7.20,-19.75420491,271.38880675,6.093,,6.327,5.953,,,7.05,,HD 165202,,V4379 Sgr,,,
763,7.92,60.29766467,329.83195436,6.710,,6.848,6.486,,7.45,7.67,,HD 209145,,V439 Cep,,,
764,9.02,-18.70755146,286.1997284,6.635,,7.090,6.425,,8.82,8.66,,HD 177291,,V4409 Sgr,,,
765,7.192,46.58511185,91.16003621,7.044,,7.129,6.899,,6.44,7.290,,HD 40978,,V447 Aur,,,
766,7.99,-7.11060339,281.13891627,7.048,,7.141,6.805,,7.26,7.88,,HD 173219,,V447 Sct,,,
767,7.99,-7.11060339,281.13891627,7.048,,7.141,6.805,,7.26,7.88,,HD 173219,,V447Sct,,,
768,8.45,35.38600132,301.5414517,6.848,,6.937,6.734,,7.89,8.16,,HD 190967,,V448 Cyg,,,
769,8.45,35.38600132,301.5414517,6.848,,6.937,6.734,,7.89,8.16,,HD 190967,,V448Cyg,,,
770,8.578,22.71085126,300.18213945,5.59,6.68,6.07,5.54,7.126,9.241,7.648,,HD 189733A,,V452 Vul,,,
771,17.76,20.88127778,298.60254167,,,,,17.9,,15.96,,,,V458 Vul,,,
772,,21.25830556,297.03670833,,,,,,,7.2,,,,V459 Vul,,,
773,8.682,35.51020191,325.50451709,0.583,,1.802,0.270,,,5.992,,HD 206570,,V460 Cyg,,,
774,,-9.564125,282.40666667,,,,,,,8.4,,,,V475 Sct,,,
775,7.16,2.49927855,101.4582399,7.182,,7.147,7.119,,6.85,7.22,,HD 48914,,V505 Mon,,,
776,6.62,-14.60320345,298.2766072,,,,,,,6.48,,HD 187949,,V505 Sgr,,,
777,7.16,2.49927855,101.4582399,7.182,,7.147,7.119,,6.85,7.22,,HD 48914,,V505Mon,,,
778,6.175,37.94119683,291.90165132,6.183,,6.253,6.046,,5.46,6.294,,HD 183362,,V558 Lyr,,,
779,7.212,61.54966321,36.41711545,6.451,,6.448,6.419,,,7.016,,HD 14817,,V559 Cas,,,
780,7.212,61.54966321,36.41711545,6.451,,6.448,6.419,,,7.016,,HD 14817,,V559Cas,,,
781,6.517,35.45619543,310.59301391,6.914,,6.886,6.854,,5.82,6.671,,HD 197419,,V568 Cyg,,,
782,6.517,35.45619543,310.59301391,6.914,,6.886,6.854,,5.82,6.671,,HD 197419,,V568Cyg,,,
783,7.98,-8.59314928,120.43542554,5.376,,5.835,5.249,,,7.32,,HD 66095,,V635Mon,,,
784,4.79,-4.23923269,105.72823613,5.476,,5.389,5.498,,3.84,4.99,,HD 52918,,V637 Mon,,,
785,6.526,63.64052166,0.85714222,5.336,,5.410,5.269,,6.07,6.269,,HD 225094,,V639 Cas,,,
786,6.760,61.96294676,349.11271209,5.943,,6.005,5.973,,6.130,6.550,,HD 219634,,V649 Cas,,,
787,6.760,61.96294676,349.11271209,5.943,,6.005,5.973,,6.130,6.550,,HD 219634,,V649 cas,,,
788,6.760,61.96294676,349.11271209,5.943,,6.005,5.973,,6.130,6.550,,HD 219634,,V649Cas,,,
789,9.72,57.28552806,34.70007,8.497,,8.596,8.537,,,9.43,,,,V665 Per,,,
790,5.172,-6.70893821,91.05625598,,,,,,4.30,5.251,,HD 41335,,V696 Mon,,,
791,10.68,64.30323333,354.4304,10.049,,10.095,10.021,10.5,,10.50,,,,V731 Cep,,,
792,6.157,23.20437322,85.83125736,5.803,,5.771,5.703,,5.51,6.227,,HD 37967,,V731 Tau,,,
793,7.26,58.21182887,2.90477772,6.43,,6.490,6.332,,6.86,7.08,,HD 698,,V742 Cas,,,
794,6.98,5.08440633,102.9406358,6.535,,6.619,6.292,,6.22,6.92,,HD 50083,,V742 Mon,,,
795,7.26,58.21182887,2.90477772,6.43,,6.490,6.332,,6.86,7.08,,HD 698,,V742 cas,,,
796,6.606,-6.96651395,102.88916284,5.093,,5.856,4.147,,6.28,6.583,,HD 50138,,V743 Mon,,,
797,8.50,53.48087463,5.48618592,8.147,,8.152,8.142,,,8.43,,HD 1744,,V744 Cas,,,
798,6.790,48.3941555,267.51389913,6.913,,6.854,6.947,,6.380,6.890,,HD 162732,,V744 Her,,,
799,7.70,5.4340118,103.80687,8.425,,8.293,8.440,,,7.85,,HD 50868,,V744 Mon,,,
800,6.790,48.3941555,267.51389913,6.913,,6.854,6.947,,6.380,6.890,,HD 162732,,V744Her,,,
801,7.09,-2.47417256,105.90489728,7.615,,7.500,7.581,,,7.20,,HD 53085,,V749 Mon,,,
802,7.36,-10.45437235,106.10638371,6.22,,6.332,6.117,,6.81,7.04,,HD 53367,,V750 Mon,,,
803,7.71,-3.36830168,113.99081809,8.165,,8.062,8.119,,,7.83,,HD 60757,,V763 Mon,,,
804,6.930,57.63208145,19.3595516,6.299,,6.465,6.103,,6.06,6.891,,HD 7636,,V764 Cas,,,
805,9.81,61.79544512,25.50386334,7.349,,7.539,7.058,,9.68,9.29,,,,V771 Cas,,,
806,6.657,61.03823839,25.51212785,6.725,,6.656,6.727,,,6.685,,HD 10260,,V772 Cas,,,
807,6.657,61.03823839,25.51212785,6.725,,6.656,6.727,,,6.685,,HD 10260,,V772Cas,,,
808,6.320,57.53661487,26.0748516,5.766,,5.848,5.736,,6.390,6.190,,HD 10543,,V773Cas,,,
809,10.012,22.31425134,278.32399984,6.283,7.642,6.817,6.158,8.195,11.122,8.866,,HD 171314,,V774 Her,,,
810,7.08,59.27344999,28.92856102,6.33,,6.457,6.139,,6.22,7.02,,HD 11606,,V777 Cas,,,
811,8.25,64.02445046,33.80404098,6.995,,7.136,6.832,,7.84,7.90,,HD 13590,,V787 Cas,,,
812,8.96,61.65491578,46.36475637,8.327,,8.330,8.297,,,8.82,,HD 18915,,V799 Cas,,,
813,6.713,62.38459712,47.22574418,5.489,,5.609,5.255,,7.778,6.503,,HD 19243,,V801 Cas,,,
814,8.01,56.34822529,350.54360005,7.408,,7.445,7.286,,7.6,7.93,,HD 220300,,V813 Cas,,,
815,8.51,54.73539769,356.47941839,7.651,,7.791,7.434,,7.79,8.50,,HD 223036,,V817 Cas,,,
816,7.74,62.21409218,357.47133135,7.768,,7.736,7.669,,7.14,7.74,,HD 223501,,V818 Cas,,,
817,8.370,53.67217065,359.70489413,8.007,,7.978,7.956,,8.440,8.260,,HD 224557,,V821 Cas,,,
818,4.69,47.52095045,314.95648818,4.46,,4.657,4.345,,3.75,4.74,,HD 200120,,V832 Cyg,,,
819,15.8,-3.84752778,106.02020833,,,,,,,6.7,,,,V838 Mon,,,
820,11.93,47.24926389,291.24509167,9.382,10.412,9.742,9.278,,,11.27,,,,V850Cyg,,,
821,6.84,-1.50718202,85.23487683,7.424,,7.287,7.415,,5.97,6.98,,HD 37776,,V901 Ori,,,
822,8.74,13.93086776,92.11397541,8.861,,8.807,8.867,,,8.79,,HD 252248,,V917 Ori,,,
823,8.74,13.93086776,92.11397541,8.861,,8.807,8.867,,,8.79,,HD 252248,,V917Ori,,,
824,6.067,3.44440538,292.63801325,5.897,,5.960,5.814,,5.69,6.089,,HD 183656,,V923 Aql,,,
825,6.067,3.44440538,292.63801325,5.897,,5.960,5.814,,5.69,6.089,,HD 183656,,V923Aql,,,
826,6.370,19.50578511,270.11523862,6.566,,6.507,6.552,,5.960,6.430,,HD 164447,,V974 Her,,,
827,9.73,61.22758333,26.52554167,9.412,,9.646,9.043,11.11,,8.92,,,,V978 Cas,,,
828,7.14,24.69740699,276.94122219,6.999,,6.948,6.989,,,7.14,,HD 170314,,V994 Her,,,
829,5.69,-13.01389816,190.31646169,,,,,,5.79,5.27,,HD 110317J,,VV Crv,,,
830,,,,,,,,,,,,,,VVCrv,,,
831,0.03,38.78368896,279.23473479,-0.03,0.2,-0.18,0.13,0.1,,0.03,,HD 172167,,Vega,,,
832,,,,,,,,,,,,,,WEBDA 7,,,
833,7.89,-11.21022192,84.85454957,8.233,,8.137,8.241,,,7.97,,HD 37622,,WX Lep,,,
834,11.471,25.06381738,308.59117929,12.072,11.728,12.039,12.186,11.648,10.687,11.546,,HD 340611,,Wolf 1346,,,
835,6.840,31.04583507,58.84615479,6.073,,6.149,5.920,,6.090,6.720,,HD 24534,,X Per,,,
836,9.81,-6.26909847,265.98541341,3.487,,4.862,2.971,,10.51,8.95,,HD 161114,,XX Oph,,,
837,7.23,34.65763334,313.01490655,7.539,,7.416,7.563,,6.31,7.32,,HD 198846,,Y Cyg,,,
838,11.1,20.98925,273.64245833,8.134,,9.042,7.860,11.900,,,,,,YY Her,,,
839,11.88,48.8183218,353.4164623,5.289,,6.192,4.894,,,10.53,,HD 221650,,Z And,,,
840,2.595,-10.56709152,249.28974606,2.667,,2.533,2.684,,1.72,2.578,,HD 149757,,Zet Oph,,,
841,2.84,21.14254411,84.41118926,3.047,,3.001,2.808,,2.14,3.03,,HD 37202,,Zet Tau,,,
842,,,,,,,,,,,,,,ZetTau,,,
843,2.595,-10.56709152,249.28974606,2.667,,2.533,2.684,,1.72,2.578,,HD 149757,,Zeta Oph,,,
844,2.84,21.14254411,84.41118926,3.047,,3.001,2.808,,2.14,3.03,,HD 37202,,Zeta Tau,,,
845,3.640,64.37585053,211.09729148,3.633,,3.434,3.639,,3.520,3.680,,HD 123299,,alfa Dra,,,
846,0.91,-11.16131949,201.29824736,1.615,,1.461,1.694,,-0.19,1.04,,HD 116658,,alfa Vir,,,
847,1.19,19.18240916,213.91530029,-2.81,0.40,-2.25,-2.91,0.3,,-0.04,,HD 124897,,alp Boo,,,
848,2.244,26.71469278,233.67195002,2.39,2.2,2.25,2.21,2.2,,2.214,,HD 139006,,alp CrB,,,
849,3.640,64.37585053,211.09729148,3.633,,3.434,3.639,,3.520,3.680,,HD 123299,,alp Dra,,,
850,1.24,11.96720878,152.09296244,1.658,1.5,1.665,1.62,1.4,,1.40,,HD 87901,,alp Leo,,,
851,0.03,38.78368896,279.23473479,-0.03,0.2,-0.18,0.13,0.1,,0.03,,HD 172167,,alp Lyr,,,
852,2.27,7.407064,88.79293899,-4.01,,-2.99,-4.38,,4.38,0.42,,HD 39801,,alp Ori,,,
853,0.91,-11.16131949,201.29824736,1.615,,1.461,1.694,,-0.19,1.04,,HD 116658,,alp Vir,,,
854,0.99,8.8683212,297.6958273,0.102,0.6,0.313,0.102,0.8,,0.77,,HD 187642,,alpha Aql,,,
855,1.19,19.18240916,213.91530029,-2.81,0.40,-2.25,-2.91,0.3,,-0.04,,HD 124897,,alpha Boo,,,
856,-1.46,-16.71611587,101.28715535,-1.391,,-1.391,-1.390,,,-1.47,,HD 48915,,alpha CMa,,,
857,0.74,5.22498756,114.82549791,-0.666,0.9,-0.498,-0.658,0.7,,0.34,,HD 61421,,alpha CMi,,,
858,4.289,66.3426768,73.51254332,4.380,,4.243,4.242,,3.55,4.301,,HD 30614,,alpha Cam,,,
859,3.434,56.53733116,10.12683778,-0.210,,0.311,-0.303,,,2.252,,HD 3712,,alpha Cas,,,
860,2.244,26.71469278,233.67195002,2.39,2.2,2.25,2.21,2.2,,2.214,,HD 139006,,alpha CrB,,,
861,3.640,64.37585053,211.09729148,3.633,,3.434,3.639,,3.520,3.680,,HD 123299,,alpha Dra,,,
862,1.24,11.96720878,152.09296244,1.658,1.5,1.665,1.62,1.4,,1.40,,HD 87901,,alpha Leo,,,
863,0.03,38.78368896,279.23473479,-0.03,0.2,-0.18,0.13,0.1,,0.03,,HD 172167,,alpha Lyr,,,
864,2.286,49.8611793,51.08070872,0.413,,0.830,0.520,,,1.816,,HD 20902,,alpha Per,,,
865,0.91,-11.16131949,201.29824736,1.615,,1.461,1.694,,-0.19,1.04,,HD 116658,,alpha Vir,,,
866,,,,,,,,,,,,,,alphaBoo,,,
867,,,,,,,,,,,,,,alphaCas,,,
868,,,,,,,,,,,,,,alphacas,,,
869,,,,,,,,,,,,,,altair-pokus,,,
870,4.652,50.2955016,64.56090374,4.454,4.44,4.425,4.324,,,4.598,,HD 26961,,b Per,,,
871,,,,,,,,,,,,,,bPer,,,
872,2.814,8.28931576,111.78767391,3.109,,3.061,3.101,,2.53,2.886,,HD 58715,,bet CMi,,,
873,3.015,70.56071519,322.16498688,,,,,,2.06,3.216,,HD 205021,,bet Cep,,,
874,5.027,27.9652764,292.68914764,5.258,,5.208,5.258,,4.69,5.088,,HD 183914,,bet Cyg B,,,
875,3.52,33.36266944,282.5199802,3.351,,3.367,3.192,,2.85,3.52,,HD 174638,,bet Lyr,,,
876,4.48,-7.03305836,97.20445712,,,,,,,4.62,,HD 45725,,bet Mon A,,,
877,,,,,,,,,,,,,,bet Mon B+C?,,,
878,0.09,-8.20163836,78.63446707,0.176,,0.206,0.213,,-0.55,0.12,,HD 34085,,bet Ori,,,
879,4.376,3.82004617,345.96922289,4.808,,4.764,4.750,,3.92,4.486,,HD 217891,,bet Psc,,,
880,3.64,35.62055765,17.43301617,-1.674,0.4,-0.957,-1.846,1.2,,2.06,,HD 6860,,bet and,,,
881,,,,,,,,,,,,,,betLyr,,,
882,2.814,8.28931576,111.78767391,3.109,,3.061,3.101,,2.53,2.886,,HD 58715,,bet_CMi,,,
883,2.814,8.28931576,111.78767391,3.109,,3.061,3.101,,2.53,2.886,,HD 58715,,beta CMi,,,
884,2.61,59.1497811,2.29452158,1.585,1.9,1.714,1.454,2.0,,2.27,,HD 432,,beta Cas,,,
885,3.015,70.56071519,322.16498688,,,,,,2.06,3.216,,HD 205021,,beta Cep,,,
886,3.52,33.36266944,282.5199802,3.351,,3.367,3.192,,2.85,3.52,,HD 174638,,beta Lyr,,,
887,7.05,33.351855,282.52793875,7.421,,7.318,7.455,,,7.13,,HD 174664,,beta Lyr B,,,
888,3.52,33.36266944,282.5199802,3.351,,3.367,3.192,,2.85,3.52,,HD 174638,,beta LyrB,,,
889,0.09,-8.20163836,78.63446707,0.176,,0.206,0.213,,-0.55,0.12,,HD 34085,,beta Ori,,,
890,2.07,40.95564668,47.04221855,1.95,,1.96,1.89,,,2.12,,HD 19356,,beta Per,,,
891,4.376,3.82004617,345.96922289,4.808,,4.764,4.750,,3.92,4.486,,HD 217891,,beta Psc,,,
892,3.52,33.36266944,282.5199802,3.351,,3.367,3.192,,2.85,3.52,,HD 174638,,beta lyr,,,
893,4.996,32.19202092,83.18197132,4.077,,4.246,3.999,,4.64,4.744,,HD 36371,,chi Aur,,,
894,8.35,32.91405824,297.64135163,-1.101,,0.168,-1.695,,,6.80,,HD 187796,,chi Cyg,,,
895,4.70,-18.45624827,246.75597912,3.149,,3.404,2.885,,3.95,4.42,,HD 148184,,chi Oph,,,
896,5.680,21.03465016,17.86341155,2.513,,3.074,2.481,,,4.666,,HD 7087,,chi Psc,,,
897,4.996,32.19202092,83.18197132,4.077,,4.246,3.999,,4.64,4.744,,HD 36371,,chi aur,,,
898,,,,,,,,,,,,,,chiAur,,,
899,4.81,58.4151983,337.29277091,2.608,3.219,2.865,2.354,,,4.07,,HD 213306,,del Cep,,,
900,2.01,-0.29909511,83.00166706,2.981,,2.744,3.023,,0.96,2.41,,HD 36486,,del Ori,,,
901,2.205,-22.62170643,240.08335535,2.432,,2.410,2.427,,1.3,2.291,,HD 143275,,del Sco,,,
902,4.382,86.58646066,263.05415296,4.331,,4.052,4.258,,,4.348,,HD 166205,,del UMi,,,
903,4.81,58.4151983,337.29277091,2.608,3.219,2.865,2.354,,,4.07,,HD 213306,,del cep,,,
904,2.01,-0.29909511,83.00166706,2.981,,2.744,3.023,,0.96,2.41,,HD 36486,,del ori,,,
905,,,,,,,,,,,,,,delOri,,,
906,4.81,58.4151983,337.29277091,2.608,3.219,2.865,2.354,,,4.07,,HD 213306,,delta Cep,,,
907,4.94,-8.5189462,225.24312556,4.714,,4.715,4.622,,,4.95,,HD 132742,,delta Lib,,,
908,2.01,-0.29909511,83.00166706,2.981,,2.744,3.023,,0.96,2.41,,HD 36486,,delta Ori,,,
909,2.205,-22.62170643,240.08335535,2.432,,2.410,2.427,,1.3,2.291,,HD 143275,,delta Sco,,,
910,6.64,46.47684467,178.77395519,,,,,,,6.54,,HD 103483,,dn uma,,,
911,,,,,,,,,,,,,,dzeta Tau,,,
912,3.527,43.8233072,75.49221855,1.702,,1.880,1.533,,3.86,3.039,,HD 31964,,eps Aur,,,
913,4.33,-19.46601288,324.27012783,,,,,,3.86,4.50,,HD 205637,,eps Cap,,,
914,3.218,63.67010079,28.59885697,3.934,,3.864,3.963,,2.61,3.342,,HD 11415,,eps Cas,,,
915,2.733,40.01021532,59.46346687,,,,,,1.73,2.901,,HD 24760,,eps Per,,,
916,4.086,-27.04361546,340.1639198,4.365,,4.281,4.400,,3.69,4.180,,HD 214748,,eps PsA,,,
917,3.527,43.8233072,75.49221855,1.702,,1.880,1.533,,3.86,3.039,,HD 31964,,eps aur,,,
918,,,,,,,,,,,,,,epsAur,,,
919,3.527,43.8233072,75.49221855,1.702,,1.880,1.533,,3.86,3.039,,HD 31964,,epsilon Aur,,,
920,3.527,43.8233072,75.49221855,1.702,,1.880,1.533,,3.86,3.039,,HD 31964,,epsilon Aurigae,,,
921,2.733,40.01021532,59.46346687,,,,,,1.73,2.901,,HD 24760,,epsilon Per,,,
922,,,,,,,,,,,,,,epsilonAur,,,
923,3.21,-2.39714754,81.11923634,3.997,,3.967,3.900,,2.27,3.38,,HD 35411,,eta Ori,,,
924,2.806,24.10513565,56.87115231,2.735,2.88,2.735,2.636,,2.44,2.873,,HD 23630,,eta Tau,,,
925,1.755,49.31326673,206.88515734,2.408,,2.228,2.265,,,1.852,,HD 120315,,eta UMa,,,
926,1.755,49.31326673,206.88515734,2.408,,2.228,2.265,,,1.852,,HD 120315,,eta Uma,,,
927,,,,,,,,,,,,,,etaLyr,,,
928,,,,,,,,,,,,,,etaUMa,,,
929,14.0,48.60052778,58.73645833,3.448,,4.683,2.529,13.000,,,,,,fi Per,,,
930,6.19,41.88167795,247.16061911,-1.850,,-0.955,,,,4.91,,HD 148783,,g Her,,,
931,4.677,71.33226347,57.58962049,,,,,,,4.622,,HD 23401,,gam Cam,,,
932,2.29,60.71674028,14.17721542,1.993,2.40,2.039,1.756,2.32,1.24,2.47,,HD 5394,,gam Cas,,,
933,2.898,40.25667916,305.55709098,0.852,,1.369,0.827,,3.44,2.237,,HD 194093,,gam Cyg,,,
934,2.450,53.69475973,178.45769715,2.487,,2.381,2.429,,2.440,2.440,,HD 103287,,gam UMa,,,
935,2.29,60.71674028,14.17721542,1.993,2.40,2.039,1.756,2.32,1.24,2.47,,HD 5394,,gam cas,,,
936,,,,,,,,,,,,,,gamCas,,,
937,,,,,,,,,,,,,,gama Cas,,,
938,2.29,60.71674028,14.17721542,1.993,2.40,2.039,1.756,2.32,1.24,2.47,,HD 5394,,gamma Cas,,,
939,3.84,26.29563463,235.68568964,3.691,,3.620,3.670,,,3.84,,HD 140436,,gamma CrB,,,
940,2.898,40.25667916,305.55709098,0.852,,1.369,0.827,,3.44,2.237,,HD 194093,,gamma Cyg,,,
941,3.760,51.48889562,269.15154118,-1.034,,-0.245,-1.162,,5.630,2.230,,HD 164058,,gamma Dra,,,
942,3.085,71.83401655,230.18215017,2.767,,2.900,2.705,,,3.027,,HD 137422,,gamma UMi,,,
943,10.68,64.30323333,354.4304,10.049,,10.095,10.021,10.5,,10.50,,,,gsc4288-0186,,,
944,6.488,39.59353978,304.35490363,6.513,,6.509,6.461,,6.25,6.554,,HD 193182,,hd 193182,,,
945,8.49,43.43572923,75.39288029,8.411,,8.401,8.422,,7.79,8.49,,HD 31894,,hd 31894,,,
946,6.79,47.6422946,15.97232876,6.883,,6.820,6.886,,6.18,6.82,,HD 6226,,hd 6226,,,
947,9.57,26.35103194,156.02458167,8.397,,8.561,8.359,,,9.26,,HD 90052,,hd 90052,,,
948,5.167,46.11413399,312.23454662,4.049,,4.182,3.946,,4.8,4.858,,HD 198478,,hd198478,,,
949,7.192,-11.77419415,88.68179305,2.156,,2.895,1.979,,,5.635,,HD 39853,,hd39853,,,
950,6.79,47.6422946,15.97232876,6.883,,6.820,6.886,,6.18,6.82,,HD 6226,,hd6226,,,
951,9.90,41.52180524,283.97840168,7.488,,7.788,7.432,,,9.13,,,,hip92922,,,
952,9.20,44.55740484,287.45625955,8.410,,8.458,8.382,,,8.95,,HD 179259,,hip94145,,,
953,9.54,50.93117308,293.23496959,8.001,,8.140,7.954,,,9.08,,HD 184659,,hip96146,,,
954,9.919,43.87371891,294.71283014,7.203,8.3,7.616,7.125,8.6,,9.132,,,,hip96634,,,
955,9.855,50.77273357,296.37641985,7.096,8.0,7.473,7.034,8.4,,8.956,,HD 187055,,hip97219,,,
956,,,,,,,,,,,,,,hr 1847a,,,
957,5.143,36.10015704,286.8255366,5.487,,5.370,5.470,,4.66,5.249,,HD 178475,,iot Lyr,,,
958,2.53,-5.90990098,83.85825795,3.648,,3.490,3.752,,1.44,2.77,,HD 37043,,iota Ori,,,
959,2.53,-5.90990098,83.85825795,3.648,,3.490,3.752,,1.44,2.77,,HD 37043,,iota ori,,,
960,,,,,,,,,,,,,,k Dra,,,
961,3.766,69.78823584,188.37059686,3.908,,3.823,3.820,,3.17,3.881,,HD 109387,,kap Dra,,,
962,,,,,,,,,,,,,,kapDra,,,
963,3.766,69.78823584,188.37059686,3.908,,3.823,3.820,,3.17,3.881,,HD 109387,,kappa Dra,,,
964,3.766,69.78823584,188.37059686,3.908,,3.823,3.820,,3.17,3.881,,HD 109387,,kappa_dra,,,
965,4.080,35.79103145,59.74125955,4.070,,3.987,3.953,,3.190,4.060,,HD 24912,,ksi Per,,,
966,3.663,9.73267621,51.79229464,3.738,,3.622,3.779,,,3.727,,HD 21364,,ksi Tau,,,
967,3.663,9.73267621,51.79229464,3.738,,3.622,3.779,,,3.727,,HD 21364,,ksi tau,,,
968,,,,,,,,,,,,,,ksiTau,,,
969,4.63,36.49071491,311.85224026,,,,,,4.26,4.75,,HD 198183,,lam Cyg,,,
970,4.067,-8.75408079,77.28659645,4.832,,4.854,4.713,,3.17,4.249,,HD 33328,,lam Eri,,,
971,3.20,9.93415587,83.78449002,,,,,,,3.39,,HD 36861J,,lam Ori,,,
972,5.25,59.4144874,332.87739877,4.618,,5.053,4.500,,4.56,5.08,,HD 210839,,lambda Cep,,,
973,6.30,58.7800445,325.87692107,-1.264,,-0.326,-1.620,,,4.04,,HD 206936,,mu Cep,,,
974,3.87,-3.25466015,71.3756266,4.567,,4.670,4.395,,3.26,4.00,,HD 30211,,mu Eri,,,
975,4.00,20.2121349,97.24077556,4.523,,4.585,4.346,,3.54,4.14,,HD 45542,,nu  Gem,,,
976,3.955,41.16713864,314.29341278,3.690,,3.652,3.524,,,3.939,,HD 199629,,nu Cyg,,,
977,4.00,20.2121349,97.24077556,4.523,,4.585,4.346,,3.54,4.14,,HD 45542,,nu Gem,,,
978,,,,,,,,,,,,,,o And,,,
979,,,,,,,,,,,,,,o Cas,,,
980,3.870,-26.77266936,108.70272445,4.494,,4.543,4.374,,2.95,4.028,,HD 56139,,ome CMa,,,
981,4.46,4.12146652,84.79644299,4.924,,5.012,4.805,,3.70,4.57,,HD 37490,,ome Ori,,,
982,3.870,-26.77266936,108.70272445,4.494,,4.543,4.374,,2.95,4.028,,HD 56139,,omega CMa,,,
983,,,,,,,,,,,,,,omega CMa?,,,
984,4.46,4.12146652,84.79644299,4.924,,5.012,4.805,,3.70,4.57,,HD 37490,,omega Ori,,,
985,3.552,42.3259815,345.48026914,3.841,,3.827,3.886,,3.00,3.633,,HD 217676,,omi And,,,
986,4.63,-2.15536298,330.82851679,4.809,,4.865,4.661,,4.22,4.70,,HD 209409,,omi Aqr,,,
987,4.432,48.28436488,11.18132777,,,,,,3.96,4.477,,HD 4180,,omi Cas,,,
988,3.821,28.76249107,271.88562802,3.960,,3.968,3.954,,3.74,3.837,,HD 166014,,omi Her,,,
989,3.871,32.28824802,56.07971685,3.75,,3.61,3.72,,3.14,3.855,,HD 23180,,omi Per,,,
990,4.45,-25.93717008,117.02153497,4.435,,4.568,4.165,,3.43,4.50,,HD 63462,,omi Pup,,,
991,,,,,,,,,,,,,,omiAnd,,,
992,,,,,,,,,,,,,,omiCas,,,
993,,,,,,,,,,,,,,omiPup,,,
994,3.552,42.3259815,345.48026914,3.841,,3.827,3.886,,3.00,3.633,,HD 217676,,omicron And,,,
995,4.432,48.28436488,11.18132777,,,,,,3.96,4.477,,HD 4180,,omicron Cas,,,
996,3.821,28.76249107,271.88562802,3.960,,3.968,3.954,,3.74,3.837,,HD 166014,,omicron Her,,,
997,4.197,47.24179429,17.3755234,,,,,,3.84,4.252,,HD 6811,,phi And,,,
998,5.599,58.23161232,20.0204876,3.537,,3.751,3.186,,6.18,5.010,,HD 7927A,,phi Cas,,,
999,4.00,50.68873134,25.915158,,,,,,3.10,4.09,,HD 10516,,phi Per,,,
1000,,,,,,,,,,,,,,phiPer,,,
1001,4.626,1.3773985,336.31926188,5.365,,5.305,5.351,,3.65,4.794,,HD 212571,,pi Aqr,,,
1002,4.255,48.19263304,54.12241593,,,,,,3.60,4.310,,HD 22192,,psi Per,,,
1003,5.763,46.2739963,104.13357464,5.977,,5.908,5.986,,5.29,5.841,,HD 50658,,psi09 Aur,,,
1004,5.073,41.80457265,80.45173543,5.531,,5.437,5.581,,,5.200,,HD 34759,,rho Aur,,,
1005,3.720,9.30658596,158.20279865,4.264,,4.266,4.275,,2.780,3.870,,HD 91316,,rho Leo,,,
1006,5.073,41.80457265,80.45173543,5.531,,5.437,5.581,,,5.200,,HD 34759,,rho aur,,,
1007,3.720,9.30658596,158.20279865,4.264,,4.266,4.275,,2.780,3.870,,HD 91316,,rho leo,,,
1008,,,,,,,,,,,,,,rhoAur,,,
1009,5.073,41.80457265,80.45173543,5.531,,5.437,5.581,,,5.200,,HD 34759,,ro Aur,,,
1010,10.14,67.57738841,46.94061257,5.618,,6.243,5.435,,,9.00,,,,rx cas,,,
1011,,65.59938889,114.32091667,,,,,,,11.2,,,,sn2004dj,,,
1012,,,,,,,,,,,,,,szcam,,,
1013,4.98,17.45690422,206.8155975,3.55,4.0,3.62,3.36,4.2,,4.49,,HD 120136,,tau Boo,,,
1014,4.22,-15.93747951,26.01701409,1.800,,2.149,1.794,,,3.50,,HD 10700,,tau Cet,,,
1015,,,,,,,,,,,,,,tauBoo,,,
1016,4.036,31.35913227,233.2324256,,,,,,3.47,4.153,,HD 138749,,tet CrB,,,
1017,4.036,31.35913227,233.2324256,,,,,,3.47,4.153,,HD 138749,,the CrB,,,
1018,4.036,31.35913227,233.2324256,,,,,,3.47,4.153,,HD 138749,,theta CrB,,,
1019,5.15,-5.38968015,83.81859898,4.48,,4.63,4.41,,4.18,5.13,,HD 37022,,theta1 Ori C,,,
1020,6.79,-5.38765726,83.82163535,5.89,,6.01,5.751,,5.96,6.71,,HD 37023,,theta1 Ori D,,,
1021,3.600,15.87088182,67.16558623,2.997,,2.994,2.880,,3.690,3.410,,HD 28319,,theta2 Tau,,,
1022,,,,,,,,,,,,,,theta2tau,,,
1023,,,,,,,,,,,,,,thetaCrB,,,
1024,10.03,18.8924599,246.44779864,-0.233,,0.858,-0.634,,,8.50,,HD 148206,,u Her,,,
1025,,,,,,,,,,,,,,uHer,,,
1026,4.63,41.40545674,24.19934235,2.96,3.5,3.17,2.86,3.8,,4.10,,HD 9826,,ups And,,,
1027,4.32,34.89689692,319.4794794,4.540,,4.701,4.478,,3.50,4.43,,HD 202904,,ups Cyg,,,
1028,4.643,-15.95501735,290.43176182,3.385,,4.153,2.624,,4.18,4.578,,HD 181616,,ups Sgr,,,
1029,,,,,,,,,,,,,,ups Sqr,,,
1030,4.63,41.40545674,24.19934235,2.96,3.5,3.17,2.86,3.8,,4.10,,HD 9826,,ups and,,,
1031,4.643,-15.95501735,290.43176182,3.385,,4.153,2.624,,4.18,4.578,,HD 181616,,upsilon Sgr,,,
1032,6.98,3.76132737,293.40383037,,,,,,6.63,6.98,,HD 184279,,v1294 Aql,,,
1033,8.27,36.42559883,300.92332375,,,,,,7.92,8.18,,HD 190467,,v1362 Cyg,,,
1034,,,,,,,,,,,,,,v1924Aql,,,
1035,11.5,39.49723833,305.76505708,5.800,,6.979,4.679,,11.62,10.6,,,,v1972 Cyg,,,
1036,11.5,39.49723833,305.76505708,5.800,,6.979,4.679,,11.62,10.6,,,,v1972cyg,,,
1037,11.98,31.10558889,299.13141667,6.10,,7.096,5.379,,11.68,10.92,,,,v2028 Cyg,,,
1038,11.98,31.10558889,299.13141667,6.10,,7.096,5.379,,11.68,10.92,,,,v2028cyg,,,
1039,9.20,54.4848827,329.62400304,7.861,,7.977,7.697,,8.66,8.94,,HD 235679,,v2174 cyg,,,
1040,6.594,57.11399616,310.80701267,5.643,,5.617,5.621,,6.17,6.341,,HD 197770,,v379 Cep,,,
1041,6.594,57.11399616,310.80701267,5.643,,5.617,5.621,,6.17,6.341,,HD 197770,,v379cep,,,
1042,12.67,-6.0770251,277.35705216,8.159,,9.309,6.208,,12.55,11.60,,,,v431sct,,,
1043,6.760,61.96294676,349.11271209,5.943,,6.005,5.973,,6.130,6.550,,HD 219634,,v649 cas,,,
1044,7.26,58.21182887,2.90477772,6.43,,6.490,6.332,,6.86,7.08,,HD 698,,v742 Cas,,,
1045,6.84,-1.50718202,85.23487683,7.424,,7.287,7.415,,5.97,6.98,,HD 37776,,v901 Ori,,,
1046,8.74,13.93086776,92.11397541,8.861,,8.807,8.867,,,8.79,,HD 252248,,v917 ori,,,
1047,6.067,3.44440538,292.63801325,5.897,,5.960,5.814,,5.69,6.089,,HD 183656,,v923aql,,,
1048,0.03,38.78368896,279.23473479,-0.03,0.2,-0.18,0.13,0.1,,0.03,,HD 172167,,vega,,,
1049,,,,,,,,,,,,,,yps Sgr,,,
1050,3.483,53.89690758,9.24285078,4.248,,4.135,4.247,,2.58,3.666,,HD 3360,,zet Cas,,,
1051,5.11,-22.21590028,185.140175,5.336,,5.313,5.318,,4.73,5.22,,HD 107348,,zet Crv,,,
1052,2.595,-10.56709152,249.28974606,2.667,,2.533,2.684,,1.72,2.578,,HD 149757,,zet Oph,,,
1053,2.84,21.14254411,84.41118926,3.047,,3.001,2.808,,2.14,3.03,,HD 37202,,zet Tau,,,
1054,4.329,77.79449412,236.01466214,,,,,,,4.283,,HD 142105,,zet Umi,,,
1055,2.595,-10.56709152,249.28974606,2.667,,2.533,2.684,,1.72,2.578,,HD 149757,,zet oph,,,
1056,4.08,54.92177778,200.98454167,,,,2.821,,,3.95,,HD 116657,,zet2 UMa,,,
1057,2.595,-10.56709152,249.28974606,2.667,,2.533,2.684,,1.72,2.578,,HD 149757,,zeta Oph,,,
1058,2.84,21.14254411,84.41118926,3.047,,3.001,2.808,,2.14,3.03,,HD 37202,,zeta Tau,,,
1059,,,,,,,,,,,,,,zetoph,,,
